,date,predictions
0,2012-01-01 02:14:52.828800,442.67065
1,2012-01-01 05:53:02.428800,454.8847
2,2012-01-01 09:31:12.028800,454.63358
3,2012-01-01 13:09:21.628800,452.00623
4,2012-01-01 16:47:31.228800,443.72488
5,2012-01-01 20:25:40.828800,440.28482
6,2012-01-02 00:03:50.428800,434.8242
7,2012-01-02 03:42:00.028800,436.54398
8,2012-01-02 07:20:09.628800,427.99695
9,2012-01-02 10:58:19.228800,399.55145
10,2012-01-02 14:36:28.828800,398.29492
11,2012-01-02 18:14:38.428800,399.44022
12,2012-01-02 21:52:48.028800,400.624
13,2012-01-03 01:30:57.628800,399.3692
14,2012-01-03 05:09:07.228800,393.77014
15,2012-01-03 08:47:16.828800,383.58328
16,2012-01-03 12:25:26.428800,374.10733
17,2012-01-03 16:03:36.028800,377.20963
18,2012-01-03 19:41:45.628800,381.43698
19,2012-01-03 23:19:55.228800,381.43698
20,2012-01-04 02:58:04.828800,373.29486
21,2012-01-04 06:36:14.428800,359.81744
22,2012-01-04 10:14:24.028800,359.08917
23,2012-01-04 13:52:33.628800,352.3726
24,2012-01-04 17:30:43.228800,365.1629
25,2012-01-04 21:08:52.828800,367.52612
26,2012-01-05 00:47:02.428800,377.68533
27,2012-01-05 04:25:12.028800,367.43427
28,2012-01-05 08:03:21.628800,362.2352
29,2012-01-05 11:41:31.228800,368.36014
30,2012-01-05 15:19:40.828800,376.8013
31,2012-01-05 18:57:50.428800,374.75964
32,2012-01-05 22:36:00.028800,376.69675
33,2012-01-06 02:14:09.628800,373.93988
34,2012-01-06 05:52:19.228800,391.62628
35,2012-01-06 09:30:28.828800,409.7317
36,2012-01-06 13:08:38.428800,426.199
37,2012-01-06 16:46:48.028800,425.7325
38,2012-01-06 20:24:57.628800,436.782
39,2012-01-07 00:03:07.228800,425.3406
40,2012-01-07 03:41:16.828800,426.97083
41,2012-01-07 07:19:26.428800,426.57764
42,2012-01-07 10:57:36.028800,455.7469
43,2012-01-07 14:35:45.628800,471.94733
44,2012-01-07 18:13:55.228800,476.41763
45,2012-01-07 21:52:04.828800,482.34973
46,2012-01-08 01:30:14.428800,481.37152
47,2012-01-08 05:08:24.028800,476.93777
48,2012-01-08 08:46:33.628800,468.50067
49,2012-01-08 12:24:43.228800,472.7741
50,2012-01-08 16:02:52.828800,471.67184
51,2012-01-08 19:41:02.428800,472.81512
52,2012-01-08 23:19:12.028800,479.34406
53,2012-01-09 02:57:21.628800,479.79422
54,2012-01-09 06:35:31.228800,469.28137
55,2012-01-09 10:13:40.828800,457.2635
56,2012-01-09 13:51:50.428800,460.4734
57,2012-01-09 17:30:00.028800,450.69675
58,2012-01-09 21:08:09.628800,454.43124
59,2012-01-10 00:46:19.228800,456.74463
60,2012-01-10 04:24:28.828800,447.70578
61,2012-01-10 08:02:38.428800,442.21423
62,2012-01-10 11:40:48.028800,433.55634
63,2012-01-10 15:18:57.628800,434.3233
64,2012-01-10 18:57:07.228800,427.15955
65,2012-01-10 22:35:16.828800,415.17136
66,2012-01-11 02:13:26.428800,412.87476
67,2012-01-11 05:51:36.028800,419.88742
68,2012-01-11 09:29:45.628800,399.88956
69,2012-01-11 13:07:55.228800,398.42392
70,2012-01-11 16:46:04.828800,395.28043
71,2012-01-11 20:24:14.428800,396.2169
72,2012-01-12 00:02:24.028800,379.2398
73,2012-01-12 03:40:33.628800,374.90826
74,2012-01-12 07:18:43.228800,378.56708
75,2012-01-12 10:56:52.828800,391.8175
76,2012-01-12 14:35:02.428800,384.8304
77,2012-01-12 18:13:12.028800,379.22012
78,2012-01-12 21:51:21.628800,385.0668
79,2012-01-13 01:29:31.228800,369.0781
80,2012-01-13 05:07:40.828800,369.0781
81,2012-01-13 08:45:50.428800,369.71432
82,2012-01-13 12:24:00.028800,378.25342
83,2012-01-13 16:02:09.628800,375.3335
84,2012-01-13 19:40:19.228800,375.01028
85,2012-01-13 23:18:28.828800,376.30093
86,2012-01-14 02:56:38.428800,367.96652
87,2012-01-14 06:34:48.028800,368.685
88,2012-01-14 10:12:57.628800,370.7345
89,2012-01-14 13:51:07.228800,386.72528
90,2012-01-14 17:29:16.828800,391.04816
91,2012-01-14 21:07:26.428800,376.11166
92,2012-01-15 00:45:36.028800,374.84793
93,2012-01-15 04:23:45.628800,363.1096
94,2012-01-15 08:01:55.228800,355.07047
95,2012-01-15 11:40:04.828800,346.83853
96,2012-01-15 15:18:14.428800,351.77762
97,2012-01-15 18:56:24.028800,363.96097
98,2012-01-15 22:34:33.628800,362.61795
99,2012-01-16 02:12:43.228800,364.87766
100,2012-01-16 05:50:52.828800,369.3516
101,2012-01-16 09:29:02.428800,356.31082
102,2012-01-16 13:07:12.028800,351.7064
103,2012-01-16 16:45:21.628800,356.06726
104,2012-01-16 20:23:31.228800,371.15622
105,2012-01-17 00:01:40.828800,377.0678
106,2012-01-17 03:39:50.428800,377.0678
107,2012-01-17 07:18:00.028800,383.70633
108,2012-01-17 10:56:09.628800,373.15555
109,2012-01-17 14:34:19.228800,364.4852
110,2012-01-17 18:12:28.828800,372.4652
111,2012-01-17 21:50:38.428800,378.73254
112,2012-01-18 01:28:48.028800,382.03653
113,2012-01-18 05:06:57.628800,394.46173
114,2012-01-18 08:45:07.228800,403.12643
115,2012-01-18 12:23:16.828800,390.58936
116,2012-01-18 16:01:26.428800,378.98773
117,2012-01-18 19:39:36.028800,388.53204
118,2012-01-18 23:17:45.628800,382.69937
119,2012-01-19 02:55:55.228800,372.36084
120,2012-01-19 06:34:04.828800,392.30035
121,2012-01-19 10:12:14.428800,395.78735
122,2012-01-19 13:50:24.028800,369.02826
123,2012-01-19 17:28:33.628800,370.33282
124,2012-01-19 21:06:43.228800,368.29495
125,2012-01-20 00:44:52.828800,360.51205
126,2012-01-20 04:23:02.428800,356.7039
127,2012-01-20 08:01:12.028800,374.16675
128,2012-01-20 11:39:21.628800,389.62424
129,2012-01-20 15:17:31.228800,390.17047
130,2012-01-20 18:55:40.828800,390.17047
131,2012-01-20 22:33:50.428800,391.10257
132,2012-01-21 02:12:00.028800,392.8875
133,2012-01-21 05:50:09.628800,376.2308
134,2012-01-21 09:28:19.228800,359.24966
135,2012-01-21 13:06:28.828800,369.07944
136,2012-01-21 16:44:38.428800,367.75864
137,2012-01-21 20:22:48.028800,360.77344
138,2012-01-22 00:00:57.628800,370.3089
139,2012-01-22 03:39:07.228800,373.283
140,2012-01-22 07:17:16.828800,354.45697
141,2012-01-22 10:55:26.428800,355.6062
142,2012-01-22 14:33:36.028800,355.12964
143,2012-01-22 18:11:45.628800,350.49075
144,2012-01-22 21:49:55.228800,348.91516
145,2012-01-23 01:28:04.828800,349.63397
146,2012-01-23 05:06:14.428800,343.87207
147,2012-01-23 08:44:24.028800,335.46014
148,2012-01-23 12:22:33.628800,334.69
149,2012-01-23 16:00:43.228800,336.91428
150,2012-01-23 19:38:52.828800,330.54236
151,2012-01-23 23:17:02.428800,327.59116
152,2012-01-24 02:55:12.028800,332.4289
153,2012-01-24 06:33:21.628800,326.48807
154,2012-01-24 10:11:31.228800,318.90112
155,2012-01-24 13:49:40.828800,326.9079
156,2012-01-24 17:27:50.428800,335.50754
157,2012-01-24 21:06:00.028800,335.37463
158,2012-01-25 00:44:09.628800,347.02582
159,2012-01-25 04:22:19.228800,351.4119
160,2012-01-25 08:00:28.828800,352.82385
161,2012-01-25 11:38:38.428800,334.75607
162,2012-01-25 15:16:48.028800,345.73965
163,2012-01-25 18:54:57.628800,351.52524
164,2012-01-25 22:33:07.228800,355.46576
165,2012-01-26 02:11:16.828800,361.7859
166,2012-01-26 05:49:26.428800,371.43164
167,2012-01-26 09:27:36.028800,378.8016
168,2012-01-26 13:05:45.628800,359.3878
169,2012-01-26 16:43:55.228800,339.28986
170,2012-01-26 20:22:04.828800,346.9381
171,2012-01-27 00:00:14.428800,353.5221
172,2012-01-27 03:38:24.028800,358.63852
173,2012-01-27 07:16:33.628800,370.34366
174,2012-01-27 10:54:43.228800,367.57217
175,2012-01-27 14:32:52.828800,369.31403
176,2012-01-27 18:11:02.428800,375.61124
177,2012-01-27 21:49:12.028800,381.97797
178,2012-01-28 01:27:21.628800,405.88544
179,2012-01-28 05:05:31.228800,374.5685
180,2012-01-28 08:43:40.828800,375.20197
181,2012-01-28 12:21:50.428800,371.6221
182,2012-01-28 16:00:00.028800,390.52808
183,2012-01-28 19:38:09.628800,388.44885
184,2012-01-28 23:16:19.228800,384.95395
185,2012-01-29 02:54:28.828800,392.82126
186,2012-01-29 06:32:38.428800,384.53598
187,2012-01-29 10:10:48.028800,369.3349
188,2012-01-29 13:48:57.628800,386.35828
189,2012-01-29 17:27:07.228800,398.8769
190,2012-01-29 21:05:16.828800,400.3086
191,2012-01-30 00:43:26.428800,402.51025
192,2012-01-30 04:21:36.028800,394.44482
193,2012-01-30 07:59:45.628800,389.70175
194,2012-01-30 11:37:55.228800,367.93756
195,2012-01-30 15:16:04.828800,373.6017
196,2012-01-30 18:54:14.428800,386.28708
197,2012-01-30 22:32:24.028800,380.1498
198,2012-01-31 02:10:33.628800,359.8962
199,2012-01-31 05:48:43.228800,351.96988
200,2012-01-31 09:26:52.828800,364.42642
201,2012-01-31 13:05:02.428800,364.2523
202,2012-01-31 16:43:12.028800,371.45572
203,2012-01-31 20:21:21.628800,368.51862
204,2012-01-31 23:59:31.228800,365.56378
205,2012-02-01 03:37:40.828800,362.07892
206,2012-02-01 07:15:50.428800,363.0173
207,2012-02-01 10:54:00.028800,367.43097
208,2012-02-01 14:32:09.628800,362.8486
209,2012-02-01 18:10:19.228800,371.98224
210,2012-02-01 21:48:28.828800,386.76373
211,2012-02-02 01:26:38.428800,389.05557
212,2012-02-02 05:04:48.028800,385.8025
213,2012-02-02 08:42:57.628800,389.0231
214,2012-02-02 12:21:07.228800,402.1113
215,2012-02-02 15:59:16.828800,411.093
216,2012-02-02 19:37:26.428800,421.89856
217,2012-02-02 23:15:36.028800,424.755
218,2012-02-03 02:53:45.628800,423.7456
219,2012-02-03 06:31:55.228800,429.2973
220,2012-02-03 10:10:04.828800,426.45508
221,2012-02-03 13:48:14.428800,429.56393
222,2012-02-03 17:26:24.028800,429.98312
223,2012-02-03 21:04:33.628800,429.7166
224,2012-02-04 00:42:43.228800,431.03992
225,2012-02-04 04:20:52.828800,433.42798
226,2012-02-04 07:59:02.428800,441.94183
227,2012-02-04 11:37:12.028800,447.81158
228,2012-02-04 15:15:21.628800,446.11838
229,2012-02-04 18:53:31.228800,444.60162
230,2012-02-04 22:31:40.828800,446.11838
231,2012-02-05 02:09:50.428800,442.96942
232,2012-02-05 05:48:00.028800,436.2421
233,2012-02-05 09:26:09.628800,440.27054
234,2012-02-05 13:04:19.228800,439.70663
235,2012-02-05 16:42:28.828800,452.1696
236,2012-02-05 20:20:38.428800,453.22034
237,2012-02-05 23:58:48.028800,447.16147
238,2012-02-06 03:36:57.628800,435.8902
239,2012-02-06 07:15:07.228800,425.64157
240,2012-02-06 10:53:16.828800,420.66318
241,2012-02-06 14:31:26.428800,422.81686
242,2012-02-06 18:09:36.028800,422.81686
243,2012-02-06 21:47:45.628800,422.81686
244,2012-02-07 01:25:55.228800,429.19095
245,2012-02-07 05:04:04.828800,418.1183
246,2012-02-07 08:42:14.428800,406.8663
247,2012-02-07 12:20:24.028800,402.96182
248,2012-02-07 15:58:33.628800,421.4967
249,2012-02-07 19:36:43.228800,428.60245
250,2012-02-07 23:14:52.828800,413.78073
251,2012-02-08 02:53:02.428800,406.3029
252,2012-02-08 06:31:12.028800,419.64417
253,2012-02-08 10:09:21.628800,432.46313
254,2012-02-08 13:47:31.228800,434.80173
255,2012-02-08 17:25:40.828800,442.61197
256,2012-02-08 21:03:50.428800,428.29178
257,2012-02-09 00:42:00.028800,411.8548
258,2012-02-09 04:20:09.628800,407.18948
259,2012-02-09 07:58:19.228800,425.61914
260,2012-02-09 11:36:28.828800,412.54898
261,2012-02-09 15:14:38.428800,420.7279
262,2012-02-09 18:52:48.028800,413.99326
263,2012-02-09 22:30:57.628800,396.03452
264,2012-02-10 02:09:07.228800,386.12372
265,2012-02-10 05:47:16.828800,390.37054
266,2012-02-10 09:25:26.428800,398.64365
267,2012-02-10 13:03:36.028800,392.03683
268,2012-02-10 16:41:45.628800,386.95032
269,2012-02-10 20:19:55.228800,381.1146
270,2012-02-10 23:58:04.828800,370.3469
271,2012-02-11 03:36:14.428800,370.08887
272,2012-02-11 07:14:24.028800,363.28467
273,2012-02-11 10:52:33.628800,359.95453
274,2012-02-11 14:30:43.228800,360.4343
275,2012-02-11 18:08:52.828800,362.59933
276,2012-02-11 21:47:02.428800,364.72455
277,2012-02-12 01:25:12.028800,370.41895
278,2012-02-12 05:03:21.628800,380.2042
279,2012-02-12 08:41:31.228800,376.8578
280,2012-02-12 12:19:40.828800,370.07773
281,2012-02-12 15:57:50.428800,377.4268
282,2012-02-12 19:36:00.028800,389.9205
283,2012-02-12 23:14:09.628800,403.88657
284,2012-02-13 02:52:19.228800,396.867
285,2012-02-13 06:30:28.828800,412.35785
286,2012-02-13 10:08:38.428800,414.3288
287,2012-02-13 13:46:48.028800,400.67596
288,2012-02-13 17:24:57.628800,398.77435
289,2012-02-13 21:03:07.228800,402.54843
290,2012-02-14 00:41:16.828800,397.69672
291,2012-02-14 04:19:26.428800,400.6784
292,2012-02-14 07:57:36.028800,405.2467
293,2012-02-14 11:35:45.628800,401.0687
294,2012-02-14 15:13:55.228800,400.65344
295,2012-02-14 18:52:04.828800,404.68753
296,2012-02-14 22:30:14.428800,395.55826
297,2012-02-15 02:08:24.028800,383.64822
298,2012-02-15 05:46:33.628800,384.27936
299,2012-02-15 09:24:43.228800,388.6983
300,2012-02-15 13:02:52.828800,376.52502
301,2012-02-15 16:41:02.428800,372.9525
302,2012-02-15 20:19:12.028800,365.3538
303,2012-02-15 23:57:21.628800,365.94223
304,2012-02-16 03:35:31.228800,358.15784
305,2012-02-16 07:13:40.828800,364.93375
306,2012-02-16 10:51:50.428800,361.81552
307,2012-02-16 14:30:00.028800,355.18085
308,2012-02-16 18:08:09.628800,348.87476
309,2012-02-16 21:46:19.228800,346.94772
310,2012-02-17 01:24:28.828800,345.85117
311,2012-02-17 05:02:38.428800,345.41022
312,2012-02-17 08:40:48.028800,358.94666
313,2012-02-17 12:18:57.628800,369.39804
314,2012-02-17 15:57:07.228800,356.17358
315,2012-02-17 19:35:16.828800,355.6953
316,2012-02-17 23:13:26.428800,358.0847
317,2012-02-18 02:51:36.028800,362.41736
318,2012-02-18 06:29:45.628800,389.6815
319,2012-02-18 10:07:55.228800,385.07907
320,2012-02-18 13:46:04.828800,390.8088
321,2012-02-18 17:24:14.428800,393.7435
322,2012-02-18 21:02:24.028800,389.69482
323,2012-02-19 00:40:33.628800,388.21344
324,2012-02-19 04:18:43.228800,403.40085
325,2012-02-19 07:56:52.828800,416.40295
326,2012-02-19 11:35:02.428800,406.88654
327,2012-02-19 15:13:12.028800,408.66315
328,2012-02-19 18:51:21.628800,410.278
329,2012-02-19 22:29:31.228800,437.56357
330,2012-02-20 02:07:40.828800,448.04852
331,2012-02-20 05:45:50.428800,427.53186
332,2012-02-20 09:24:00.028800,441.86002
333,2012-02-20 13:02:09.628800,396.79697
334,2012-02-20 16:40:19.228800,401.15848
335,2012-02-20 20:18:28.828800,402.0832
336,2012-02-20 23:56:38.428800,461.2689
337,2012-02-21 03:34:48.028800,464.5132
338,2012-02-21 07:12:57.628800,452.74084
339,2012-02-21 10:51:07.228800,440.1812
340,2012-02-21 14:29:16.828800,427.43524
341,2012-02-21 18:07:26.428800,428.17654
342,2012-02-21 21:45:36.028800,434.8969
343,2012-02-22 01:23:45.628800,457.3502
344,2012-02-22 05:01:55.228800,454.70245
345,2012-02-22 08:40:04.828800,447.42807
346,2012-02-22 12:18:14.428800,454.81067
347,2012-02-22 15:56:24.028800,470.4822
348,2012-02-22 19:34:33.628800,481.42
349,2012-02-22 23:12:43.228800,473.53772
350,2012-02-23 02:50:52.828800,477.60147
351,2012-02-23 06:29:02.428800,470.64282
352,2012-02-23 10:07:12.028800,463.49997
353,2012-02-23 13:45:21.628800,492.2326
354,2012-02-23 17:23:31.228800,497.1039
355,2012-02-23 21:01:40.828800,498.68356
356,2012-02-24 00:39:50.428800,500.90536
357,2012-02-24 04:18:00.028800,495.0639
358,2012-02-24 07:56:09.628800,475.7954
359,2012-02-24 11:34:19.228800,472.4442
360,2012-02-24 15:12:28.828800,480.81644
361,2012-02-24 18:50:38.428800,477.23712
362,2012-02-24 22:28:48.028800,471.2097
363,2012-02-25 02:06:57.628800,469.19995
364,2012-02-25 05:45:07.228800,466.8
365,2012-02-25 09:23:16.828800,456.8051
366,2012-02-25 13:01:26.428800,449.3702
367,2012-02-25 16:39:36.028800,446.72485
368,2012-02-25 20:17:45.628800,446.93582
369,2012-02-25 23:55:55.228800,435.67508
370,2012-02-26 03:34:04.828800,433.70795
371,2012-02-26 07:12:14.428800,429.74063
372,2012-02-26 10:50:24.028800,419.88608
373,2012-02-26 14:28:33.628800,406.1297
374,2012-02-26 18:06:43.228800,397.97992
375,2012-02-26 21:44:52.828800,387.8695
376,2012-02-27 01:23:02.428800,403.46994
377,2012-02-27 05:01:12.028800,400.9913
378,2012-02-27 08:39:21.628800,391.15665
379,2012-02-27 12:17:31.228800,395.70972
380,2012-02-27 15:55:40.828800,387.7525
381,2012-02-27 19:33:50.428800,381.7735
382,2012-02-27 23:12:00.028800,383.1511
383,2012-02-28 02:50:09.628800,379.13867
384,2012-02-28 06:28:19.228800,384.74475
385,2012-02-28 10:06:28.828800,376.0605
386,2012-02-28 13:44:38.428800,383.64462
387,2012-02-28 17:22:48.028800,375.8391
388,2012-02-28 21:00:57.628800,380.92465
389,2012-02-29 00:39:07.228800,390.5089
390,2012-02-29 04:17:16.828800,395.558
391,2012-02-29 07:55:26.428800,390.75818
392,2012-02-29 11:33:36.028800,384.54062
393,2012-02-29 15:11:45.628800,394.0985
394,2012-02-29 18:49:55.228800,399.9971
395,2012-02-29 22:28:04.828800,392.75763
396,2012-03-01 02:06:14.428800,423.85925
397,2012-03-01 05:44:24.028800,423.73715
398,2012-03-01 09:22:33.628800,421.92953
399,2012-03-01 13:00:43.228800,417.28955
400,2012-03-01 16:38:52.828800,413.66403
401,2012-03-01 20:17:02.428800,409.27573
402,2012-03-01 23:55:12.028800,405.38486
403,2012-03-02 03:33:21.628800,419.00095
404,2012-03-02 07:11:31.228800,437.56976
405,2012-03-02 10:49:40.828800,435.6374
406,2012-03-02 14:27:50.428800,434.60858
407,2012-03-02 18:06:00.028800,430.16254
408,2012-03-02 21:44:09.628800,416.6364
409,2012-03-03 01:22:19.228800,414.16467
410,2012-03-03 05:00:28.828800,413.43884
411,2012-03-03 08:38:38.428800,416.81033
412,2012-03-03 12:16:48.028800,418.36987
413,2012-03-03 15:54:57.628800,423.52112
414,2012-03-03 19:33:07.228800,414.91852
415,2012-03-03 23:11:16.828800,401.99603
416,2012-03-04 02:49:26.428800,405.35587
417,2012-03-04 06:27:36.028800,407.03552
418,2012-03-04 10:05:45.628800,397.2197
419,2012-03-04 13:43:55.228800,384.17368
420,2012-03-04 17:22:04.828800,379.6815
421,2012-03-04 21:00:14.428800,379.7984
422,2012-03-05 00:38:24.028800,388.7702
423,2012-03-05 04:16:33.628800,396.58636
424,2012-03-05 07:54:43.228800,401.4101
425,2012-03-05 11:32:52.828800,397.42746
426,2012-03-05 15:11:02.428800,389.06244
427,2012-03-05 18:49:12.028800,388.93912
428,2012-03-05 22:27:21.628800,386.91058
429,2012-03-06 02:05:31.228800,401.56583
430,2012-03-06 05:43:40.828800,390.06085
431,2012-03-06 09:21:50.428800,399.32904
432,2012-03-06 13:00:00.028800,391.62363
433,2012-03-06 16:38:09.628800,389.37286
434,2012-03-06 20:16:19.228800,393.37146
435,2012-03-06 23:54:28.828800,373.0975
436,2012-03-07 03:32:38.428800,378.02887
437,2012-03-07 07:10:48.028800,383.54144
438,2012-03-07 10:48:57.628800,391.3738
439,2012-03-07 14:27:07.228800,389.70038
440,2012-03-07 18:05:16.828800,374.34824
441,2012-03-07 21:43:26.428800,398.78027
442,2012-03-08 01:21:36.028800,397.37836
443,2012-03-08 04:59:45.628800,389.63687
444,2012-03-08 08:37:55.228800,381.56442
445,2012-03-08 12:16:04.828800,388.82468
446,2012-03-08 15:54:14.428800,390.77988
447,2012-03-08 19:32:24.028800,381.3882
448,2012-03-08 23:10:33.628800,382.20084
449,2012-03-09 02:48:43.228800,379.3681
450,2012-03-09 06:26:52.828800,387.4485
451,2012-03-09 10:05:02.428800,378.45673
452,2012-03-09 13:43:12.028800,364.74805
453,2012-03-09 17:21:21.628800,373.5621
454,2012-03-09 20:59:31.228800,366.84515
455,2012-03-10 00:37:40.828800,371.86288
456,2012-03-10 04:15:50.428800,356.39203
457,2012-03-10 07:54:00.028800,378.35782
458,2012-03-10 11:32:09.628800,371.4086
459,2012-03-10 15:10:19.228800,371.3625
460,2012-03-10 18:48:28.828800,377.9132
461,2012-03-10 22:26:38.428800,380.9984
462,2012-03-11 02:04:48.028800,388.15375
463,2012-03-11 05:42:57.628800,381.70563
464,2012-03-11 09:21:07.228800,389.27533
465,2012-03-11 12:59:16.828800,390.50766
466,2012-03-11 16:37:26.428800,389.61633
467,2012-03-11 20:15:36.028800,403.71896
468,2012-03-11 23:53:45.628800,394.00464
469,2012-03-12 03:31:55.228800,399.5489
470,2012-03-12 07:10:04.828800,403.91812
471,2012-03-12 10:48:14.428800,402.38623
472,2012-03-12 14:26:24.028800,409.5259
473,2012-03-12 18:04:33.628800,409.5259
474,2012-03-12 21:42:43.228800,406.3663
475,2012-03-13 01:20:52.828800,414.20682
476,2012-03-13 04:59:02.428800,417.44913
477,2012-03-13 08:37:12.028800,404.78232
478,2012-03-13 12:15:21.628800,404.36716
479,2012-03-13 15:53:31.228800,396.6738
480,2012-03-13 19:31:40.828800,398.158
481,2012-03-13 23:09:50.428800,398.158
482,2012-03-14 02:48:00.028800,412.70288
483,2012-03-14 06:26:09.628800,393.3019
484,2012-03-14 10:04:19.228800,385.66513
485,2012-03-14 13:42:28.828800,385.77567
486,2012-03-14 17:20:38.428800,389.01492
487,2012-03-14 20:58:48.028800,384.26575
488,2012-03-15 00:36:57.628800,382.64392
489,2012-03-15 04:15:07.228800,382.64392
490,2012-03-15 07:53:16.828800,375.07022
491,2012-03-15 11:31:26.428800,367.44324
492,2012-03-15 15:09:36.028800,363.54892
493,2012-03-15 18:47:45.628800,364.31235
494,2012-03-15 22:25:55.228800,365.0948
495,2012-03-16 02:04:04.828800,382.16916
496,2012-03-16 05:42:14.428800,382.79486
497,2012-03-16 09:20:24.028800,372.06787
498,2012-03-16 12:58:33.628800,376.90427
499,2012-03-16 16:36:43.228800,381.05975
500,2012-03-16 20:14:52.828800,393.02875
501,2012-03-16 23:53:02.428800,379.44763
502,2012-03-17 03:31:12.028800,401.16055
503,2012-03-17 07:09:21.628800,400.3232
504,2012-03-17 10:47:31.228800,425.59265
505,2012-03-17 14:25:40.828800,448.78467
506,2012-03-17 18:03:50.428800,444.96582
507,2012-03-17 21:42:00.028800,467.07648
508,2012-03-18 01:20:09.628800,461.34625
509,2012-03-18 04:58:19.228800,479.18112
510,2012-03-18 08:36:28.828800,487.7378
511,2012-03-18 12:14:38.428800,489.98807
512,2012-03-18 15:52:48.028800,495.88196
513,2012-03-18 19:30:57.628800,485.6338
514,2012-03-18 23:09:07.228800,489.2757
515,2012-03-19 02:47:16.828800,487.4021
516,2012-03-19 06:25:26.428800,503.00177
517,2012-03-19 10:03:36.028800,482.0486
518,2012-03-19 13:41:45.628800,489.08264
519,2012-03-19 17:19:55.228800,493.09164
520,2012-03-19 20:58:04.828800,502.30496
521,2012-03-20 00:36:14.428800,478.6409
522,2012-03-20 04:14:24.028800,468.2322
523,2012-03-20 07:52:33.628800,474.10696
524,2012-03-20 11:30:43.228800,479.03384
525,2012-03-20 15:08:52.828800,465.6824
526,2012-03-20 18:47:02.428800,464.87576
527,2012-03-20 22:25:12.028800,454.72046
528,2012-03-21 02:03:21.628800,457.17242
529,2012-03-21 05:41:31.228800,461.09415
530,2012-03-21 09:19:40.828800,453.5151
531,2012-03-21 12:57:50.428800,456.43954
532,2012-03-21 16:36:00.028800,450.22998
533,2012-03-21 20:14:09.628800,445.46072
534,2012-03-21 23:52:19.228800,428.98276
535,2012-03-22 03:30:28.828800,435.4145
536,2012-03-22 07:08:38.428800,445.52567
537,2012-03-22 10:46:48.028800,435.81918
538,2012-03-22 14:24:57.628800,435.24164
539,2012-03-22 18:03:07.228800,422.00793
540,2012-03-22 21:41:16.828800,420.58408
541,2012-03-23 01:19:26.428800,401.10074
542,2012-03-23 04:57:36.028800,409.78928
543,2012-03-23 08:35:45.628800,401.36368
544,2012-03-23 12:13:55.228800,413.93835
545,2012-03-23 15:52:04.828800,406.25208
546,2012-03-23 19:30:14.428800,420.3298
547,2012-03-23 23:08:24.028800,426.18826
548,2012-03-24 02:46:33.628800,424.43164
549,2012-03-24 06:24:43.228800,424.6448
550,2012-03-24 10:02:52.828800,400.04037
551,2012-03-24 13:41:02.428800,398.56815
552,2012-03-24 17:19:12.028800,406.40207
553,2012-03-24 20:57:21.628800,432.40668
554,2012-03-25 00:35:31.228800,409.0418
555,2012-03-25 04:13:40.828800,418.2439
556,2012-03-25 07:51:50.428800,418.89502
557,2012-03-25 11:30:00.028800,443.96146
558,2012-03-25 15:08:09.628800,420.0607
559,2012-03-25 18:46:19.228800,431.00388
560,2012-03-25 22:24:28.828800,420.65652
561,2012-03-26 02:02:38.428800,409.90955
562,2012-03-26 05:40:48.028800,409.53308
563,2012-03-26 09:18:57.628800,416.45123
564,2012-03-26 12:57:07.228800,431.76974
565,2012-03-26 16:35:16.828800,421.52774
566,2012-03-26 20:13:26.428800,420.0663
567,2012-03-26 23:51:36.028800,412.34317
568,2012-03-27 03:29:45.628800,406.1866
569,2012-03-27 07:07:55.228800,400.3978
570,2012-03-27 10:46:04.828800,400.00586
571,2012-03-27 14:24:14.428800,404.05084
572,2012-03-27 18:02:24.028800,395.68448
573,2012-03-27 21:40:33.628800,404.1228
574,2012-03-28 01:18:43.228800,410.8195
575,2012-03-28 04:56:52.828800,414.0128
576,2012-03-28 08:35:02.428800,398.7234
577,2012-03-28 12:13:12.028800,397.8104
578,2012-03-28 15:51:21.628800,393.23483
579,2012-03-28 19:29:31.228800,386.4492
580,2012-03-28 23:07:40.828800,392.06284
581,2012-03-29 02:45:50.428800,385.87088
582,2012-03-29 06:24:00.028800,397.3814
583,2012-03-29 10:02:09.628800,398.81946
584,2012-03-29 13:40:19.228800,396.9222
585,2012-03-29 17:18:28.828800,378.69824
586,2012-03-29 20:56:38.428800,380.30777
587,2012-03-30 00:34:48.028800,402.1322
588,2012-03-30 04:12:57.628800,390.44513
589,2012-03-30 07:51:07.228800,388.1797
590,2012-03-30 11:29:16.828800,389.20377
591,2012-03-30 15:07:26.428800,392.39426
592,2012-03-30 18:45:36.028800,384.60052
593,2012-03-30 22:23:45.628800,376.10504
594,2012-03-31 02:01:55.228800,377.21756
595,2012-03-31 05:40:04.828800,373.12247
596,2012-03-31 09:18:14.428800,375.03647
597,2012-03-31 12:56:24.028800,383.53525
598,2012-03-31 16:34:33.628800,382.89557
599,2012-03-31 20:12:43.228800,382.89557
600,2012-03-31 23:50:52.828800,387.8984
601,2012-04-01 03:29:02.428800,393.99744
602,2012-04-01 07:07:12.028800,388.2776
603,2012-04-01 10:45:21.628800,385.49698
604,2012-04-01 14:23:31.228800,381.79367
605,2012-04-01 18:01:40.828800,380.46967
606,2012-04-01 21:39:50.428800,372.91086
607,2012-04-02 01:18:00.028800,373.73166
608,2012-04-02 04:56:09.628800,380.5802
609,2012-04-02 08:34:19.228800,379.56567
610,2012-04-02 12:12:28.828800,385.21234
611,2012-04-02 15:50:38.428800,390.79602
612,2012-04-02 19:28:48.028800,394.2563
613,2012-04-02 23:06:57.628800,384.6459
614,2012-04-03 02:45:07.228800,383.04752
615,2012-04-03 06:23:16.828800,381.3321
616,2012-04-03 10:01:26.428800,380.36664
617,2012-04-03 13:39:36.028800,397.35178
618,2012-04-03 17:17:45.628800,401.39438
619,2012-04-03 20:55:55.228800,404.42822
620,2012-04-04 00:34:04.828800,388.4996
621,2012-04-04 04:12:14.428800,392.91
622,2012-04-04 07:50:24.028800,396.0636
623,2012-04-04 11:28:33.628800,386.0795
624,2012-04-04 15:06:43.228800,394.87796
625,2012-04-04 18:44:52.828800,393.28296
626,2012-04-04 22:23:02.428800,405.72656
627,2012-04-05 02:01:12.028800,405.23795
628,2012-04-05 05:39:21.628800,417.43716
629,2012-04-05 09:17:31.228800,417.456
630,2012-04-05 12:55:40.828800,419.50705
631,2012-04-05 16:33:50.428800,396.47284
632,2012-04-05 20:12:00.028800,418.6325
633,2012-04-05 23:50:09.628800,410.3446
634,2012-04-06 03:28:19.228800,424.57385
635,2012-04-06 07:06:28.828800,424.82156
636,2012-04-06 10:44:38.428800,423.56464
637,2012-04-06 14:22:48.028800,419.65234
638,2012-04-06 18:00:57.628800,405.42645
639,2012-04-06 21:39:07.228800,410.57385
640,2012-04-07 01:17:16.828800,410.82077
641,2012-04-07 04:55:26.428800,410.3767
642,2012-04-07 08:33:36.028800,413.96878
643,2012-04-07 12:11:45.628800,409.14847
644,2012-04-07 15:49:55.228800,426.39548
645,2012-04-07 19:28:04.828800,426.60715
646,2012-04-07 23:06:14.428800,400.94345
647,2012-04-08 02:44:24.028800,393.6223
648,2012-04-08 06:22:33.628800,394.11258
649,2012-04-08 10:00:43.228800,382.242
650,2012-04-08 13:38:52.828800,383.72867
651,2012-04-08 17:17:02.428800,416.24173
652,2012-04-08 20:55:12.028800,403.90607
653,2012-04-09 00:33:21.628800,413.48972
654,2012-04-09 04:11:31.228800,419.86465
655,2012-04-09 07:49:40.828800,406.6418
656,2012-04-09 11:27:50.428800,400.77206
657,2012-04-09 15:06:00.028800,407.4514
658,2012-04-09 18:44:09.628800,425.40018
659,2012-04-09 22:22:19.228800,411.62265
660,2012-04-10 02:00:28.828800,426.9308
661,2012-04-10 05:38:38.428800,429.195
662,2012-04-10 09:16:48.028800,428.30658
663,2012-04-10 12:54:57.628800,432.723
664,2012-04-10 16:33:07.228800,427.19144
665,2012-04-10 20:11:16.828800,433.971
666,2012-04-10 23:49:26.428800,429.61377
667,2012-04-11 03:27:36.028800,441.92697
668,2012-04-11 07:05:45.628800,452.01584
669,2012-04-11 10:43:55.228800,458.06467
670,2012-04-11 14:22:04.828800,478.2407
671,2012-04-11 18:00:14.428800,479.57556
672,2012-04-11 21:38:24.028800,486.16043
673,2012-04-12 01:16:33.628800,495.05463
674,2012-04-12 04:54:43.228800,485.42538
675,2012-04-12 08:32:52.828800,515.7585
676,2012-04-12 12:11:02.428800,510.15482
677,2012-04-12 15:49:12.028800,520.5307
678,2012-04-12 19:27:21.628800,537.5156
679,2012-04-12 23:05:31.228800,542.2193
680,2012-04-13 02:43:40.828800,543.11475
681,2012-04-13 06:21:50.428800,560.8663
682,2012-04-13 10:00:00.028800,559.1075
683,2012-04-13 13:38:09.628800,559.64435
684,2012-04-13 17:16:19.228800,556.12854
685,2012-04-13 20:54:28.828800,558.9664
686,2012-04-14 00:32:38.428800,544.9171
687,2012-04-14 04:10:48.028800,543.7355
688,2012-04-14 07:48:57.628800,553.62585
689,2012-04-14 11:27:07.228800,538.6838
690,2012-04-14 15:05:16.828800,513.6781
691,2012-04-14 18:43:26.428800,505.11078
692,2012-04-14 22:21:36.028800,488.12268
693,2012-04-15 01:59:45.628800,484.9697
694,2012-04-15 05:37:55.228800,495.99203
695,2012-04-15 09:16:04.828800,484.27188
696,2012-04-15 12:54:14.428800,483.5559
697,2012-04-15 16:32:24.028800,466.78134
698,2012-04-15 20:10:33.628800,465.12875
699,2012-04-15 23:48:43.228800,465.12875
700,2012-04-16 03:26:52.828800,467.2213
701,2012-04-16 07:05:02.428800,451.25128
702,2012-04-16 10:43:12.028800,438.28568
703,2012-04-16 14:21:21.628800,439.08752
704,2012-04-16 17:59:31.228800,430.73264
705,2012-04-16 21:37:40.828800,430.03836
706,2012-04-17 01:15:50.428800,437.2354
707,2012-04-17 04:54:00.028800,429.50073
708,2012-04-17 08:32:09.628800,416.12045
709,2012-04-17 12:10:19.228800,409.25897
710,2012-04-17 15:48:28.828800,411.49106
711,2012-04-17 19:26:38.428800,395.86703
712,2012-04-17 23:04:48.028800,392.63004
713,2012-04-18 02:42:57.628800,394.8638
714,2012-04-18 06:21:07.228800,387.38123
715,2012-04-18 09:59:16.828800,373.82275
716,2012-04-18 13:37:26.428800,382.63422
717,2012-04-18 17:15:36.028800,381.43436
718,2012-04-18 20:53:45.628800,378.52112
719,2012-04-19 00:31:55.228800,391.42212
720,2012-04-19 04:10:04.828800,389.76138
721,2012-04-19 07:48:14.428800,381.59186
722,2012-04-19 11:26:24.028800,366.9667
723,2012-04-19 15:04:33.628800,379.23962
724,2012-04-19 18:42:43.228800,384.0419
725,2012-04-19 22:20:52.828800,375.97208
726,2012-04-20 01:59:02.428800,392.7093
727,2012-04-20 05:37:12.028800,405.74158
728,2012-04-20 09:15:21.628800,402.0327
729,2012-04-20 12:53:31.228800,395.25165
730,2012-04-20 16:31:40.828800,396.44284
731,2012-04-20 20:09:50.428800,389.44937
732,2012-04-20 23:48:00.028800,390.54593
733,2012-04-21 03:26:09.628800,396.96555
734,2012-04-21 07:04:19.228800,401.4825
735,2012-04-21 10:42:28.828800,404.21518
736,2012-04-21 14:20:38.428800,400.30762
737,2012-04-21 17:58:48.028800,382.43265
738,2012-04-21 21:36:57.628800,380.36658
739,2012-04-22 01:15:07.228800,381.57596
740,2012-04-22 04:53:16.828800,376.41306
741,2012-04-22 08:31:26.428800,368.51935
742,2012-04-22 12:09:36.028800,369.94815
743,2012-04-22 15:47:45.628800,369.61484
744,2012-04-22 19:25:55.228800,360.97885
745,2012-04-22 23:04:04.828800,354.82666
746,2012-04-23 02:42:14.428800,360.1089
747,2012-04-23 06:20:24.028800,360.9748
748,2012-04-23 09:58:33.628800,369.65912
749,2012-04-23 13:36:43.228800,372.21112
750,2012-04-23 17:14:52.828800,383.8983
751,2012-04-23 20:53:02.428800,366.7328
752,2012-04-24 00:31:12.028800,358.95
753,2012-04-24 04:09:21.628800,356.39
754,2012-04-24 07:47:31.228800,362.2005
755,2012-04-24 11:25:40.828800,385.73886
756,2012-04-24 15:03:50.428800,382.0975
757,2012-04-24 18:42:00.028800,373.40573
758,2012-04-24 22:20:09.628800,368.41763
759,2012-04-25 01:58:19.228800,358.6711
760,2012-04-25 05:36:28.828800,359.43356
761,2012-04-25 09:14:38.428800,363.4349
762,2012-04-25 12:52:48.028800,377.35562
763,2012-04-25 16:30:57.628800,391.0054
764,2012-04-25 20:09:07.228800,391.20966
765,2012-04-25 23:47:16.828800,392.9725
766,2012-04-26 03:25:26.428800,390.12473
767,2012-04-26 07:03:36.028800,376.728
768,2012-04-26 10:41:45.628800,357.1097
769,2012-04-26 14:19:55.228800,361.75616
770,2012-04-26 17:58:04.828800,370.16553
771,2012-04-26 21:36:14.428800,384.06335
772,2012-04-27 01:14:24.028800,377.79245
773,2012-04-27 04:52:33.628800,387.7017
774,2012-04-27 08:30:43.228800,384.70612
775,2012-04-27 12:08:52.828800,370.7438
776,2012-04-27 15:47:02.428800,372.12503
777,2012-04-27 19:25:12.028800,364.90375
778,2012-04-27 23:03:21.628800,368.29675
779,2012-04-28 02:41:31.228800,367.32864
780,2012-04-28 06:19:40.828800,375.46695
781,2012-04-28 09:57:50.428800,375.346
782,2012-04-28 13:36:00.028800,361.5976
783,2012-04-28 17:14:09.628800,370.29843
784,2012-04-28 20:52:19.228800,362.13385
785,2012-04-29 00:30:28.828800,348.61227
786,2012-04-29 04:08:38.428800,360.0226
787,2012-04-29 07:46:48.028800,360.99844
788,2012-04-29 11:24:57.628800,352.38812
789,2012-04-29 15:03:07.228800,363.10947
790,2012-04-29 18:41:16.828800,367.2466
791,2012-04-29 22:19:26.428800,369.3808
792,2012-04-30 01:57:36.028800,363.40793
793,2012-04-30 05:35:45.628800,358.45358
794,2012-04-30 09:13:55.228800,354.17163
795,2012-04-30 12:52:04.828800,355.72073
796,2012-04-30 16:30:14.428800,362.42252
797,2012-04-30 20:08:24.028800,359.0908
798,2012-04-30 23:46:33.628800,366.33835
799,2012-05-01 03:24:43.228800,346.48602
800,2012-05-01 07:02:52.828800,357.02594
801,2012-05-01 10:41:02.428800,356.60858
802,2012-05-01 14:19:12.028800,339.70297
803,2012-05-01 17:57:21.628800,355.7868
804,2012-05-01 21:35:31.228800,361.22354
805,2012-05-02 01:13:40.828800,359.7211
806,2012-05-02 04:51:50.428800,382.0805
807,2012-05-02 08:30:00.028800,381.06424
808,2012-05-02 12:08:09.628800,371.11996
809,2012-05-02 15:46:19.228800,370.8195
810,2012-05-02 19:24:28.828800,363.67865
811,2012-05-02 23:02:38.428800,357.47125
812,2012-05-03 02:40:48.028800,354.15817
813,2012-05-03 06:18:57.628800,363.2235
814,2012-05-03 09:57:07.228800,371.4573
815,2012-05-03 13:35:16.828800,364.2
816,2012-05-03 17:13:26.428800,357.12982
817,2012-05-03 20:51:36.028800,359.81757
818,2012-05-04 00:29:45.628800,359.7884
819,2012-05-04 04:07:55.228800,361.40646
820,2012-05-04 07:46:04.828800,370.25436
821,2012-05-04 11:24:14.428800,356.1044
822,2012-05-04 15:02:24.028800,359.14758
823,2012-05-04 18:40:33.628800,355.1066
824,2012-05-04 22:18:43.228800,358.3873
825,2012-05-05 01:56:52.828800,361.7369
826,2012-05-05 05:35:02.428800,352.13718
827,2012-05-05 09:13:12.028800,353.06296
828,2012-05-05 12:51:21.628800,346.5734
829,2012-05-05 16:29:31.228800,346.5734
830,2012-05-05 20:07:40.828800,349.85532
831,2012-05-05 23:45:50.428800,344.6965
832,2012-05-06 03:24:00.028800,348.05356
833,2012-05-06 07:02:09.628800,356.021
834,2012-05-06 10:40:19.228800,357.15295
835,2012-05-06 14:18:28.828800,347.80576
836,2012-05-06 17:56:38.428800,356.27426
837,2012-05-06 21:34:48.028800,345.35995
838,2012-05-07 01:12:57.628800,347.96643
839,2012-05-07 04:51:07.228800,354.13794
840,2012-05-07 08:29:16.828800,369.74347
841,2012-05-07 12:07:26.428800,380.3545
842,2012-05-07 15:45:36.028800,380.46362
843,2012-05-07 19:23:45.628800,380.56464
844,2012-05-07 23:01:55.228800,386.46777
845,2012-05-08 02:40:04.828800,418.12854
846,2012-05-08 06:18:14.428800,411.06076
847,2012-05-08 09:56:24.028800,447.93393
848,2012-05-08 13:34:33.628800,464.94867
849,2012-05-08 17:12:43.228800,460.90588
850,2012-05-08 20:50:52.828800,539.6462
851,2012-05-09 00:29:02.428800,543.016
852,2012-05-09 04:07:12.028800,543.0663
853,2012-05-09 07:45:21.628800,541.3445
854,2012-05-09 11:23:31.228800,545.5097
855,2012-05-09 15:01:40.828800,567.83984
856,2012-05-09 18:39:50.428800,544.63245
857,2012-05-09 22:18:00.028800,561.71655
858,2012-05-10 01:56:09.628800,563.16144
859,2012-05-10 05:34:19.228800,589.5648
860,2012-05-10 09:12:28.828800,589.5648
861,2012-05-10 12:50:38.428800,553.6736
862,2012-05-10 16:28:48.028800,572.29785
863,2012-05-10 20:06:57.628800,552.435
864,2012-05-10 23:45:07.228800,572.669
865,2012-05-11 03:23:16.828800,560.7856
866,2012-05-11 07:01:26.428800,572.5636
867,2012-05-11 10:39:36.028800,550.2414
868,2012-05-11 14:17:45.628800,531.8108
869,2012-05-11 17:55:55.228800,524.6257
870,2012-05-11 21:34:04.828800,509.5581
871,2012-05-12 01:12:14.428800,505.5819
872,2012-05-12 04:50:24.028800,499.38153
873,2012-05-12 08:28:33.628800,515.22925
874,2012-05-12 12:06:43.228800,487.26437
875,2012-05-12 15:44:52.828800,477.21124
876,2012-05-12 19:23:02.428800,477.0773
877,2012-05-12 23:01:12.028800,463.74734
878,2012-05-13 02:39:21.628800,458.91595
879,2012-05-13 06:17:31.228800,450.75616
880,2012-05-13 09:55:40.828800,439.29758
881,2012-05-13 13:33:50.428800,430.04758
882,2012-05-13 17:12:00.028800,419.3326
883,2012-05-13 20:50:09.628800,413.68616
884,2012-05-14 00:28:19.228800,410.98456
885,2012-05-14 04:06:28.828800,403.4599
886,2012-05-14 07:44:38.428800,402.8579
887,2012-05-14 11:22:48.028800,403.1096
888,2012-05-14 15:00:57.628800,400.20108
889,2012-05-14 18:39:07.228800,397.34515
890,2012-05-14 22:17:16.828800,393.67773
891,2012-05-15 01:55:26.428800,405.42377
892,2012-05-15 05:33:36.028800,392.72598
893,2012-05-15 09:11:45.628800,396.94705
894,2012-05-15 12:49:55.228800,400.22134
895,2012-05-15 16:28:04.828800,398.2335
896,2012-05-15 20:06:14.428800,400.29956
897,2012-05-15 23:44:24.028800,406.5397
898,2012-05-16 03:22:33.628800,401.10257
899,2012-05-16 07:00:43.228800,392.63837
900,2012-05-16 10:38:52.828800,374.66583
901,2012-05-16 14:17:02.428800,371.4731
902,2012-05-16 17:55:12.028800,372.03082
903,2012-05-16 21:33:21.628800,369.12817
904,2012-05-17 01:11:31.228800,372.89102
905,2012-05-17 04:49:40.828800,372.89102
906,2012-05-17 08:27:50.428800,371.1983
907,2012-05-17 12:06:00.028800,371.89255
908,2012-05-17 15:44:09.628800,370.19983
909,2012-05-17 19:22:19.228800,376.11575
910,2012-05-17 23:00:28.828800,385.90198
911,2012-05-18 02:38:38.428800,383.08536
912,2012-05-18 06:16:48.028800,377.87415
913,2012-05-18 09:54:57.628800,375.35947
914,2012-05-18 13:33:07.228800,375.0218
915,2012-05-18 17:11:16.828800,377.83182
916,2012-05-18 20:49:26.428800,383.3576
917,2012-05-19 00:27:36.028800,385.6596
918,2012-05-19 04:05:45.628800,370.0164
919,2012-05-19 07:43:55.228800,386.75238
920,2012-05-19 11:22:04.828800,390.83264
921,2012-05-19 15:00:14.428800,402.6041
922,2012-05-19 18:38:24.028800,388.80597
923,2012-05-19 22:16:33.628800,386.64642
924,2012-05-20 01:54:43.228800,386.64642
925,2012-05-20 05:32:52.828800,390.343
926,2012-05-20 09:11:02.428800,397.13855
927,2012-05-20 12:49:12.028800,404.971
928,2012-05-20 16:27:21.628800,414.9902
929,2012-05-20 20:05:31.228800,397.44324
930,2012-05-20 23:43:40.828800,407.35632
931,2012-05-21 03:21:50.428800,402.24188
932,2012-05-21 07:00:00.028800,406.48032
933,2012-05-21 10:38:09.628800,418.18243
934,2012-05-21 14:16:19.228800,433.6383
935,2012-05-21 17:54:28.828800,430.37747
936,2012-05-21 21:32:38.428800,442.82986
937,2012-05-22 01:10:48.028800,471.84882
938,2012-05-22 04:48:57.628800,445.823
939,2012-05-22 08:27:07.228800,432.5848
940,2012-05-22 12:05:16.828800,430.2851
941,2012-05-22 15:43:26.428800,446.92215
942,2012-05-22 19:21:36.028800,456.81866
943,2012-05-22 22:59:45.628800,468.91318
944,2012-05-23 02:37:55.228800,484.80664
945,2012-05-23 06:16:04.828800,456.806
946,2012-05-23 09:54:14.428800,495.09613
947,2012-05-23 13:32:24.028800,500.27814
948,2012-05-23 17:10:33.628800,502.53854
949,2012-05-23 20:48:43.228800,478.08853
950,2012-05-24 00:26:52.828800,477.49268
951,2012-05-24 04:05:02.428800,457.15912
952,2012-05-24 07:43:12.028800,443.00906
953,2012-05-24 11:21:21.628800,436.0476
954,2012-05-24 14:59:31.228800,427.14572
955,2012-05-24 18:37:40.828800,431.59174
956,2012-05-24 22:15:50.428800,442.57568
957,2012-05-25 01:54:00.028800,445.89462
958,2012-05-25 05:32:09.628800,424.65845
959,2012-05-25 09:10:19.228800,416.68738
960,2012-05-25 12:48:28.828800,400.45056
961,2012-05-25 16:26:38.428800,400.0708
962,2012-05-25 20:04:48.028800,400.48865
963,2012-05-25 23:42:57.628800,409.15292
964,2012-05-26 03:21:07.228800,416.34
965,2012-05-26 06:59:16.828800,390.03342
966,2012-05-26 10:37:26.428800,383.99072
967,2012-05-26 14:15:36.028800,370.32202
968,2012-05-26 17:53:45.628800,353.2289
969,2012-05-26 21:31:55.228800,393.8033
970,2012-05-27 01:10:04.828800,361.25864
971,2012-05-27 04:48:14.428800,369.84454
972,2012-05-27 08:26:24.028800,372.57913
973,2012-05-27 12:04:33.628800,393.5406
974,2012-05-27 15:42:43.228800,376.90125
975,2012-05-27 19:20:52.828800,380.86526
976,2012-05-27 22:59:02.428800,377.45114
977,2012-05-28 02:37:12.028800,405.83035
978,2012-05-28 06:15:21.628800,378.6276
979,2012-05-28 09:53:31.228800,370.7928
980,2012-05-28 13:31:40.828800,371.8498
981,2012-05-28 17:09:50.428800,378.67496
982,2012-05-28 20:48:00.028800,403.61575
983,2012-05-29 00:26:09.628800,407.47623
984,2012-05-29 04:04:19.228800,416.61786
985,2012-05-29 07:42:28.828800,391.09708
986,2012-05-29 11:20:38.428800,392.38034
987,2012-05-29 14:58:48.028800,393.4827
988,2012-05-29 18:36:57.628800,383.7087
989,2012-05-29 22:15:07.228800,388.387
990,2012-05-30 01:53:16.828800,400.02255
991,2012-05-30 05:31:26.428800,403.22916
992,2012-05-30 09:09:36.028800,401.07025
993,2012-05-30 12:47:45.628800,395.307
994,2012-05-30 16:25:55.228800,396.87753
995,2012-05-30 20:04:04.828800,395.45105
996,2012-05-30 23:42:14.428800,408.4654
997,2012-05-31 03:20:24.028800,401.014
998,2012-05-31 06:58:33.628800,378.66113
999,2012-05-31 10:36:43.228800,381.9914
1000,2012-05-31 14:14:52.828800,388.1528
1001,2012-05-31 17:53:02.428800,403.19214
1002,2012-05-31 21:31:12.028800,398.47174
1003,2012-06-01 01:09:21.628800,396.0543
1004,2012-06-01 04:47:31.228800,370.865
1005,2012-06-01 08:25:40.828800,370.66318
1006,2012-06-01 12:03:50.428800,366.11218
1007,2012-06-01 15:42:00.028800,360.9567
1008,2012-06-01 19:20:09.628800,379.3381
1009,2012-06-01 22:58:19.228800,388.8784
1010,2012-06-02 02:36:28.828800,374.927
1011,2012-06-02 06:14:38.428800,364.27698
1012,2012-06-02 09:52:48.028800,368.77014
1013,2012-06-02 13:30:57.628800,358.4824
1014,2012-06-02 17:09:07.228800,365.87347
1015,2012-06-02 20:47:16.828800,354.00592
1016,2012-06-03 00:25:26.428800,361.489
1017,2012-06-03 04:03:36.028800,355.3877
1018,2012-06-03 07:41:45.628800,350.13498
1019,2012-06-03 11:19:55.228800,358.2481
1020,2012-06-03 14:58:04.828800,369.37775
1021,2012-06-03 18:36:14.428800,412.08798
1022,2012-06-03 22:14:24.028800,450.0823
1023,2012-06-04 01:52:33.628800,465.04523
1024,2012-06-04 05:30:43.228800,404.1255
1025,2012-06-04 09:08:52.828800,433.80637
1026,2012-06-04 12:47:02.428800,403.08075
1027,2012-06-04 16:25:12.028800,425.91785
1028,2012-06-04 20:03:21.628800,475.79398
1029,2012-06-04 23:41:31.228800,518.6872
1030,2012-06-05 03:19:40.828800,632.3057
1031,2012-06-05 06:57:50.428800,575.21045
1032,2012-06-05 10:36:00.028800,585.336
1033,2012-06-05 14:14:09.628800,590.6953
1034,2012-06-05 17:52:19.228800,569.3966
1035,2012-06-05 21:30:28.828800,612.0932
1036,2012-06-06 01:08:38.428800,640.65576
1037,2012-06-06 04:46:48.028800,657.0635
1038,2012-06-06 08:24:57.628800,620.70264
1039,2012-06-06 12:03:07.228800,655.12006
1040,2012-06-06 15:41:16.828800,638.1241
1041,2012-06-06 19:19:26.428800,605.885
1042,2012-06-06 22:57:36.028800,627.39734
1043,2012-06-07 02:35:45.628800,599.7129
1044,2012-06-07 06:13:55.228800,604.1743
1045,2012-06-07 09:52:04.828800,574.6156
1046,2012-06-07 13:30:14.428800,582.313
1047,2012-06-07 17:08:24.028800,569.47424
1048,2012-06-07 20:46:33.628800,571.1446
1049,2012-06-08 00:24:43.228800,567.3654
1050,2012-06-08 04:02:52.828800,541.531
1051,2012-06-08 07:41:02.428800,550.85693
1052,2012-06-08 11:19:12.028800,492.9201
1053,2012-06-08 14:57:21.628800,480.79593
1054,2012-06-08 18:35:31.228800,480.78772
1055,2012-06-08 22:13:40.828800,494.53732
1056,2012-06-09 01:51:50.428800,488.15982
1057,2012-06-09 05:30:00.028800,486.6964
1058,2012-06-09 09:08:09.628800,478.66873
1059,2012-06-09 12:46:19.228800,446.78445
1060,2012-06-09 16:24:28.828800,442.28015
1061,2012-06-09 20:02:38.428800,442.07562
1062,2012-06-09 23:40:48.028800,451.19513
1063,2012-06-10 03:18:57.628800,442.46457
1064,2012-06-10 06:57:07.228800,444.45975
1065,2012-06-10 10:35:16.828800,427.9087
1066,2012-06-10 14:13:26.428800,414.75143
1067,2012-06-10 17:51:36.028800,410.12308
1068,2012-06-10 21:29:45.628800,405.7508
1069,2012-06-11 01:07:55.228800,408.86087
1070,2012-06-11 04:46:04.828800,421.2147
1071,2012-06-11 08:24:14.428800,445.66922
1072,2012-06-11 12:02:24.028800,425.8012
1073,2012-06-11 15:40:33.628800,420.89767
1074,2012-06-11 19:18:43.228800,402.78714
1075,2012-06-11 22:56:52.828800,415.39233
1076,2012-06-12 02:35:02.428800,376.5326
1077,2012-06-12 06:13:12.028800,388.27777
1078,2012-06-12 09:51:21.628800,394.26263
1079,2012-06-12 13:29:31.228800,400.70648
1080,2012-06-12 17:07:40.828800,394.26263
1081,2012-06-12 20:45:50.428800,399.9948
1082,2012-06-13 00:24:00.028800,389.3539
1083,2012-06-13 04:02:09.628800,395.3842
1084,2012-06-13 07:40:19.228800,440.3535
1085,2012-06-13 11:18:28.828800,407.85214
1086,2012-06-13 14:56:38.428800,420.3623
1087,2012-06-13 18:34:48.028800,412.5277
1088,2012-06-13 22:12:57.628800,414.74203
1089,2012-06-14 01:51:07.228800,424.07648
1090,2012-06-14 05:29:16.828800,406.81766
1091,2012-06-14 09:07:26.428800,420.3476
1092,2012-06-14 12:45:36.028800,418.14597
1093,2012-06-14 16:23:45.628800,430.17908
1094,2012-06-14 20:01:55.228800,415.67456
1095,2012-06-14 23:40:04.828800,417.14658
1096,2012-06-15 03:18:14.428800,417.5789
1097,2012-06-15 06:56:24.028800,393.22308
1098,2012-06-15 10:34:33.628800,410.16617
1099,2012-06-15 14:12:43.228800,409.99634
1100,2012-06-15 17:50:52.828800,395.97733
1101,2012-06-15 21:29:02.428800,388.33536
1102,2012-06-16 01:07:12.028800,395.0249
1103,2012-06-16 04:45:21.628800,383.942
1104,2012-06-16 08:23:31.228800,380.09607
1105,2012-06-16 12:01:40.828800,393.45648
1106,2012-06-16 15:39:50.428800,392.3813
1107,2012-06-16 19:18:00.028800,379.0655
1108,2012-06-16 22:56:09.628800,366.66504
1109,2012-06-17 02:34:19.228800,379.31168
1110,2012-06-17 06:12:28.828800,377.8541
1111,2012-06-17 09:50:38.428800,365.74643
1112,2012-06-17 13:28:48.028800,380.08972
1113,2012-06-17 17:06:57.628800,387.08795
1114,2012-06-17 20:45:07.228800,372.71976
1115,2012-06-18 00:23:16.828800,365.4566
1116,2012-06-18 04:01:26.428800,372.4031
1117,2012-06-18 07:39:36.028800,379.94702
1118,2012-06-18 11:17:45.628800,387.5104
1119,2012-06-18 14:55:55.228800,393.38596
1120,2012-06-18 18:34:04.828800,411.52353
1121,2012-06-18 22:12:14.428800,406.5929
1122,2012-06-19 01:50:24.028800,411.92206
1123,2012-06-19 05:28:33.628800,387.71063
1124,2012-06-19 09:06:43.228800,403.01965
1125,2012-06-19 12:44:52.828800,421.629
1126,2012-06-19 16:23:02.428800,426.36752
1127,2012-06-19 20:01:12.028800,438.37152
1128,2012-06-19 23:39:21.628800,443.7009
1129,2012-06-20 03:17:31.228800,420.9134
1130,2012-06-20 06:55:40.828800,425.03214
1131,2012-06-20 10:33:50.428800,443.40393
1132,2012-06-20 14:12:00.028800,438.9762
1133,2012-06-20 17:50:09.628800,425.7296
1134,2012-06-20 21:28:19.228800,426.92123
1135,2012-06-21 01:06:28.828800,425.53632
1136,2012-06-21 04:44:38.428800,434.52252
1137,2012-06-21 08:22:48.028800,440.13876
1138,2012-06-21 12:00:57.628800,470.5169
1139,2012-06-21 15:39:07.228800,463.50385
1140,2012-06-21 19:17:16.828800,454.19052
1141,2012-06-21 22:55:26.428800,462.46927
1142,2012-06-22 02:33:36.028800,428.2442
1143,2012-06-22 06:11:45.628800,426.74582
1144,2012-06-22 09:49:55.228800,429.68103
1145,2012-06-22 13:28:04.828800,446.8609
1146,2012-06-22 17:06:14.428800,432.0178
1147,2012-06-22 20:44:24.028800,423.4033
1148,2012-06-23 00:22:33.628800,402.5483
1149,2012-06-23 04:00:43.228800,401.56433
1150,2012-06-23 07:38:52.828800,406.516
1151,2012-06-23 11:17:02.428800,402.8092
1152,2012-06-23 14:55:12.028800,390.57626
1153,2012-06-23 18:33:21.628800,382.91705
1154,2012-06-23 22:11:31.228800,383.4012
1155,2012-06-24 01:49:40.828800,385.53015
1156,2012-06-24 05:27:50.428800,389.58725
1157,2012-06-24 09:06:00.028800,389.58725
1158,2012-06-24 12:44:09.628800,398.78488
1159,2012-06-24 16:22:19.228800,409.36282
1160,2012-06-24 20:00:28.828800,409.54956
1161,2012-06-24 23:38:38.428800,400.198
1162,2012-06-25 03:16:48.028800,412.54416
1163,2012-06-25 06:54:57.628800,416.655
1164,2012-06-25 10:33:07.228800,417.47684
1165,2012-06-25 14:11:16.828800,431.56943
1166,2012-06-25 17:49:26.428800,444.37836
1167,2012-06-25 21:27:36.028800,435.53177
1168,2012-06-26 01:05:45.628800,431.2782
1169,2012-06-26 04:43:55.228800,434.94534
1170,2012-06-26 08:22:04.828800,441.78546
1171,2012-06-26 12:00:14.428800,441.78546
1172,2012-06-26 15:38:24.028800,443.65518
1173,2012-06-26 19:16:33.628800,439.7015
1174,2012-06-26 22:54:43.228800,440.22333
1175,2012-06-27 02:32:52.828800,433.93414
1176,2012-06-27 06:11:02.428800,433.00208
1177,2012-06-27 09:49:12.028800,424.13663
1178,2012-06-27 13:27:21.628800,412.23212
1179,2012-06-27 17:05:31.228800,418.9822
1180,2012-06-27 20:43:40.828800,423.5053
1181,2012-06-28 00:21:50.428800,420.7651
1182,2012-06-28 04:00:00.028800,429.64227
1183,2012-06-28 07:38:09.628800,423.42587
1184,2012-06-28 11:16:19.228800,412.44568
1185,2012-06-28 14:54:28.828800,391.63013
1186,2012-06-28 18:32:38.428800,387.70193
1187,2012-06-28 22:10:48.028800,375.672
1188,2012-06-29 01:48:57.628800,392.82227
1189,2012-06-29 05:27:07.228800,404.0193
1190,2012-06-29 09:05:16.828800,412.57968
1191,2012-06-29 12:43:26.428800,393.0107
1192,2012-06-29 16:21:36.028800,385.28897
1193,2012-06-29 19:59:45.628800,386.3702
1194,2012-06-29 23:37:55.228800,370.36438
1195,2012-06-30 03:16:04.828800,374.4186
1196,2012-06-30 06:54:14.428800,374.32904
1197,2012-06-30 10:32:24.028800,393.26932
1198,2012-06-30 14:10:33.628800,407.86737
1199,2012-06-30 17:48:43.228800,433.80673
1200,2012-06-30 21:26:52.828800,433.2915
1201,2012-07-01 01:05:02.428800,433.44522
1202,2012-07-01 04:43:12.028800,471.48883
1203,2012-07-01 08:21:21.628800,457.62726
1204,2012-07-01 11:59:31.228800,482.96924
1205,2012-07-01 15:37:40.828800,490.36646
1206,2012-07-01 19:15:50.428800,550.42194
1207,2012-07-01 22:54:00.028800,592.7425
1208,2012-07-02 02:32:09.628800,624.8701
1209,2012-07-02 06:10:19.228800,652.5071
1210,2012-07-02 09:48:28.828800,664.1432
1211,2012-07-02 13:26:38.428800,669.1907
1212,2012-07-02 17:04:48.028800,680.11304
1213,2012-07-02 20:42:57.628800,700.23004
1214,2012-07-03 00:21:07.228800,693.8503
1215,2012-07-03 03:59:16.828800,672.47797
1216,2012-07-03 07:37:26.428800,683.8662
1217,2012-07-03 11:15:36.028800,677.54926
1218,2012-07-03 14:53:45.628800,660.68524
1219,2012-07-03 18:31:55.228800,661.58014
1220,2012-07-03 22:10:04.828800,668.60944
1221,2012-07-04 01:48:14.428800,664.2222
1222,2012-07-04 05:26:24.028800,660.9811
1223,2012-07-04 09:04:33.628800,634.17725
1224,2012-07-04 12:42:43.228800,657.8702
1225,2012-07-04 16:20:52.828800,650.6898
1226,2012-07-04 19:59:02.428800,625.617
1227,2012-07-04 23:37:12.028800,581.4983
1228,2012-07-05 03:15:21.628800,590.4158
1229,2012-07-05 06:53:31.228800,584.8524
1230,2012-07-05 10:31:40.828800,566.8525
1231,2012-07-05 14:09:50.428800,569.9104
1232,2012-07-05 17:48:00.028800,548.70856
1233,2012-07-05 21:26:09.628800,528.1072
1234,2012-07-06 01:04:19.228800,513.69727
1235,2012-07-06 04:42:28.828800,508.52646
1236,2012-07-06 08:20:38.428800,523.0782
1237,2012-07-06 11:58:48.028800,513.3606
1238,2012-07-06 15:36:57.628800,511.58472
1239,2012-07-06 19:15:07.228800,497.8568
1240,2012-07-06 22:53:16.828800,480.5442
1241,2012-07-07 02:31:26.428800,463.19974
1242,2012-07-07 06:09:36.028800,453.72076
1243,2012-07-07 09:47:45.628800,442.34534
1244,2012-07-07 13:25:55.228800,458.01755
1245,2012-07-07 17:04:04.828800,448.00577
1246,2012-07-07 20:42:14.428800,438.43533
1247,2012-07-08 00:20:24.028800,427.2662
1248,2012-07-08 03:58:33.628800,419.4198
1249,2012-07-08 07:36:43.228800,408.2793
1250,2012-07-08 11:14:52.828800,405.31357
1251,2012-07-08 14:53:02.428800,400.98016
1252,2012-07-08 18:31:12.028800,383.86398
1253,2012-07-08 22:09:21.628800,399.21674
1254,2012-07-09 01:47:31.228800,395.71185
1255,2012-07-09 05:25:40.828800,393.02048
1256,2012-07-09 09:03:50.428800,383.43307
1257,2012-07-09 12:42:00.028800,380.84946
1258,2012-07-09 16:20:09.628800,379.4614
1259,2012-07-09 19:58:19.228800,376.99432
1260,2012-07-09 23:36:28.828800,383.49677
1261,2012-07-10 03:14:38.428800,390.3129
1262,2012-07-10 06:52:48.028800,401.7454
1263,2012-07-10 10:30:57.628800,405.32172
1264,2012-07-10 14:09:07.228800,403.95154
1265,2012-07-10 17:47:16.828800,408.59106
1266,2012-07-10 21:25:26.428800,406.1302
1267,2012-07-11 01:03:36.028800,407.38492
1268,2012-07-11 04:41:45.628800,401.85815
1269,2012-07-11 08:19:55.228800,382.7726
1270,2012-07-11 11:58:04.828800,379.68033
1271,2012-07-11 15:36:14.428800,379.7262
1272,2012-07-11 19:14:24.028800,380.2054
1273,2012-07-11 22:52:33.628800,381.10568
1274,2012-07-12 02:30:43.228800,379.68533
1275,2012-07-12 06:08:52.828800,373.7237
1276,2012-07-12 09:47:02.428800,364.8534
1277,2012-07-12 13:25:12.028800,358.85657
1278,2012-07-12 17:03:21.628800,372.20184
1279,2012-07-12 20:41:31.228800,374.642
1280,2012-07-13 00:19:40.828800,370.4493
1281,2012-07-13 03:57:50.428800,376.5931
1282,2012-07-13 07:36:00.028800,373.2131
1283,2012-07-13 11:14:09.628800,366.47107
1284,2012-07-13 14:52:19.228800,370.201
1285,2012-07-13 18:30:28.828800,378.77618
1286,2012-07-13 22:08:38.428800,379.47208
1287,2012-07-14 01:46:48.028800,388.67374
1288,2012-07-14 05:24:57.628800,398.87976
1289,2012-07-14 09:03:07.228800,392.70233
1290,2012-07-14 12:41:16.828800,400.99728
1291,2012-07-14 16:19:26.428800,405.53967
1292,2012-07-14 19:57:36.028800,399.11438
1293,2012-07-14 23:35:45.628800,402.16013
1294,2012-07-15 03:13:55.228800,423.97714
1295,2012-07-15 06:52:04.828800,420.84836
1296,2012-07-15 10:30:14.428800,413.65314
1297,2012-07-15 14:08:24.028800,409.4726
1298,2012-07-15 17:46:33.628800,402.9391
1299,2012-07-15 21:24:43.228800,401.32318
1300,2012-07-16 01:02:52.828800,408.8951
1301,2012-07-16 04:41:02.428800,422.94397
1302,2012-07-16 08:19:12.028800,430.92578
1303,2012-07-16 11:57:21.628800,453.6749
1304,2012-07-16 15:35:31.228800,423.48807
1305,2012-07-16 19:13:40.828800,422.9899
1306,2012-07-16 22:51:50.428800,444.80893
1307,2012-07-17 02:30:00.028800,458.3676
1308,2012-07-17 06:08:09.628800,426.0497
1309,2012-07-17 09:46:19.228800,435.17764
1310,2012-07-17 13:24:28.828800,449.57373
1311,2012-07-17 17:02:38.428800,457.94217
1312,2012-07-17 20:40:48.028800,454.41235
1313,2012-07-18 00:18:57.628800,451.59866
1314,2012-07-18 03:57:07.228800,460.07043
1315,2012-07-18 07:35:16.828800,517.53033
1316,2012-07-18 11:13:26.428800,492.79138
1317,2012-07-18 14:51:36.028800,478.9754
1318,2012-07-18 18:29:45.628800,476.20963
1319,2012-07-18 22:07:55.228800,519.54736
1320,2012-07-19 01:46:04.828800,533.54987
1321,2012-07-19 05:24:14.428800,538.9598
1322,2012-07-19 09:02:24.028800,571.70953
1323,2012-07-19 12:40:33.628800,485.59543
1324,2012-07-19 16:18:43.228800,532.49414
1325,2012-07-19 19:56:52.828800,490.9558
1326,2012-07-19 23:35:02.428800,491.50818
1327,2012-07-20 03:13:12.028800,467.25812
1328,2012-07-20 06:51:21.628800,463.9556
1329,2012-07-20 10:29:31.228800,460.17413
1330,2012-07-20 14:07:40.828800,460.17413
1331,2012-07-20 17:45:50.428800,473.92233
1332,2012-07-20 21:24:00.028800,459.66748
1333,2012-07-21 01:02:09.628800,461.15222
1334,2012-07-21 04:40:19.228800,472.73737
1335,2012-07-21 08:18:28.828800,444.8713
1336,2012-07-21 11:56:38.428800,480.32834
1337,2012-07-21 15:34:48.028800,432.41977
1338,2012-07-21 19:12:57.628800,459.8075
1339,2012-07-21 22:51:07.228800,436.19092
1340,2012-07-22 02:29:16.828800,471.15887
1341,2012-07-22 06:07:26.428800,416.57086
1342,2012-07-22 09:45:36.028800,407.61945
1343,2012-07-22 13:23:45.628800,411.23587
1344,2012-07-22 17:01:55.228800,405.14923
1345,2012-07-22 20:40:04.828800,406.84604
1346,2012-07-23 00:18:14.428800,416.1727
1347,2012-07-23 03:56:24.028800,412.35452
1348,2012-07-23 07:34:33.628800,407.89154
1349,2012-07-23 11:12:43.228800,408.32898
1350,2012-07-23 14:50:52.828800,401.4924
1351,2012-07-23 18:29:02.428800,395.34177
1352,2012-07-23 22:07:12.028800,399.57077
1353,2012-07-24 01:45:21.628800,399.0817
1354,2012-07-24 05:23:31.228800,398.06543
1355,2012-07-24 09:01:40.828800,423.30203
1356,2012-07-24 12:39:50.428800,425.82263
1357,2012-07-24 16:18:00.028800,426.67694
1358,2012-07-24 19:56:09.628800,428.6627
1359,2012-07-24 23:34:19.228800,434.35056
1360,2012-07-25 03:12:28.828800,441.94568
1361,2012-07-25 06:50:38.428800,466.96686
1362,2012-07-25 10:28:48.028800,487.2189
1363,2012-07-25 14:06:57.628800,482.10724
1364,2012-07-25 17:45:07.228800,457.96124
1365,2012-07-25 21:23:16.828800,445.93884
1366,2012-07-26 01:01:26.428800,444.58716
1367,2012-07-26 04:39:36.028800,457.2742
1368,2012-07-26 08:17:45.628800,447.64755
1369,2012-07-26 11:55:55.228800,470.6978
1370,2012-07-26 15:34:04.828800,488.50278
1371,2012-07-26 19:12:14.428800,480.69055
1372,2012-07-26 22:50:24.028800,454.72873
1373,2012-07-27 02:28:33.628800,421.55634
1374,2012-07-27 06:06:43.228800,417.19873
1375,2012-07-27 09:44:52.828800,427.27863
1376,2012-07-27 13:23:02.428800,435.15805
1377,2012-07-27 17:01:12.028800,507.9442
1378,2012-07-27 20:39:21.628800,523.8035
1379,2012-07-28 00:17:31.228800,535.96674
1380,2012-07-28 03:55:40.828800,586.5027
1381,2012-07-28 07:33:50.428800,559.10956
1382,2012-07-28 11:12:00.028800,552.21716
1383,2012-07-28 14:50:09.628800,563.21405
1384,2012-07-28 18:28:19.228800,609.7574
1385,2012-07-28 22:06:28.828800,621.5881
1386,2012-07-29 01:44:38.428800,605.06335
1387,2012-07-29 05:22:48.028800,612.04504
1388,2012-07-29 09:00:57.628800,550.9211
1389,2012-07-29 12:39:07.228800,539.7542
1390,2012-07-29 16:17:16.828800,566.7145
1391,2012-07-29 19:55:26.428800,571.25024
1392,2012-07-29 23:33:36.028800,553.59845
1393,2012-07-30 03:11:45.628800,541.62384
1394,2012-07-30 06:49:55.228800,575.8205
1395,2012-07-30 10:28:04.828800,513.78973
1396,2012-07-30 14:06:14.428800,503.37198
1397,2012-07-30 17:44:24.028800,500.56284
1398,2012-07-30 21:22:33.628800,504.84595
1399,2012-07-31 01:00:43.228800,484.18088
1400,2012-07-31 04:38:52.828800,482.47177
1401,2012-07-31 08:17:02.428800,493.35162
1402,2012-07-31 11:55:12.028800,483.50012
1403,2012-07-31 15:33:21.628800,468.65875
1404,2012-07-31 19:11:31.228800,470.92114
1405,2012-07-31 22:49:40.828800,462.33304
1406,2012-08-01 02:27:50.428800,464.17758
1407,2012-08-01 06:06:00.028800,454.12253
1408,2012-08-01 09:44:09.628800,447.7158
1409,2012-08-01 13:22:19.228800,441.58682
1410,2012-08-01 17:00:28.828800,439.6461
1411,2012-08-01 20:38:38.428800,441.64713
1412,2012-08-02 00:16:48.028800,434.81073
1413,2012-08-02 03:54:57.628800,437.6923
1414,2012-08-02 07:33:07.228800,429.66058
1415,2012-08-02 11:11:16.828800,434.14838
1416,2012-08-02 14:49:26.428800,435.6053
1417,2012-08-02 18:27:36.028800,430.97812
1418,2012-08-02 22:05:45.628800,424.11255
1419,2012-08-03 01:43:55.228800,423.96384
1420,2012-08-03 05:22:04.828800,421.65512
1421,2012-08-03 09:00:14.428800,418.71872
1422,2012-08-03 12:38:24.028800,420.97812
1423,2012-08-03 16:16:33.628800,422.6177
1424,2012-08-03 19:54:43.228800,418.12488
1425,2012-08-03 23:32:52.828800,422.6593
1426,2012-08-04 03:11:02.428800,426.0618
1427,2012-08-04 06:49:12.028800,415.7629
1428,2012-08-04 10:27:21.628800,410.11356
1429,2012-08-04 14:05:31.228800,409.13257
1430,2012-08-04 17:43:40.828800,409.85336
1431,2012-08-04 21:21:50.428800,402.77466
1432,2012-08-05 01:00:00.028800,398.93866
1433,2012-08-05 04:38:09.628800,402.54208
1434,2012-08-05 08:16:19.228800,402.54208
1435,2012-08-05 11:54:28.828800,392.48404
1436,2012-08-05 15:32:38.428800,382.91525
1437,2012-08-05 19:10:48.028800,381.86874
1438,2012-08-05 22:48:57.628800,386.60434
1439,2012-08-06 02:27:07.228800,389.71405
1440,2012-08-06 06:05:16.828800,393.07614
1441,2012-08-06 09:43:26.428800,396.17957
1442,2012-08-06 13:21:36.028800,391.67108
1443,2012-08-06 16:59:45.628800,393.17258
1444,2012-08-06 20:37:55.228800,394.9372
1445,2012-08-07 00:16:04.828800,391.48978
1446,2012-08-07 03:54:14.428800,391.91556
1447,2012-08-07 07:32:24.028800,402.2473
1448,2012-08-07 11:10:33.628800,399.08563
1449,2012-08-07 14:48:43.228800,396.72684
1450,2012-08-07 18:26:52.828800,398.43765
1451,2012-08-07 22:05:02.428800,401.88113
1452,2012-08-08 01:43:12.028800,407.64023
1453,2012-08-08 05:21:21.628800,418.9095
1454,2012-08-08 08:59:31.228800,404.58368
1455,2012-08-08 12:37:40.828800,395.19086
1456,2012-08-08 16:15:50.428800,390.66266
1457,2012-08-08 19:54:00.028800,383.3673
1458,2012-08-08 23:32:09.628800,384.4635
1459,2012-08-09 03:10:19.228800,377.61014
1460,2012-08-09 06:48:28.828800,385.37994
1461,2012-08-09 10:26:38.428800,383.80496
1462,2012-08-09 14:04:48.028800,370.74304
1463,2012-08-09 17:42:57.628800,369.99313
1464,2012-08-09 21:21:07.228800,380.74646
1465,2012-08-10 00:59:16.828800,405.55698
1466,2012-08-10 04:37:26.428800,408.52426
1467,2012-08-10 08:15:36.028800,412.4702
1468,2012-08-10 11:53:45.628800,401.81714
1469,2012-08-10 15:31:55.228800,411.4726
1470,2012-08-10 19:10:04.828800,404.95438
1471,2012-08-10 22:48:14.428800,406.64343
1472,2012-08-11 02:26:24.028800,451.2023
1473,2012-08-11 06:04:33.628800,464.54578
1474,2012-08-11 09:42:43.228800,466.88086
1475,2012-08-11 13:20:52.828800,457.75192
1476,2012-08-11 16:59:02.428800,456.43298
1477,2012-08-11 20:37:12.028800,431.2491
1478,2012-08-12 00:15:21.628800,453.61514
1479,2012-08-12 03:53:31.228800,458.03152
1480,2012-08-12 07:31:40.828800,461.5888
1481,2012-08-12 11:09:50.428800,460.43918
1482,2012-08-12 14:48:00.028800,439.5778
1483,2012-08-12 18:26:09.628800,437.34692
1484,2012-08-12 22:04:19.228800,450.61896
1485,2012-08-13 01:42:28.828800,461.03333
1486,2012-08-13 05:20:38.428800,425.8794
1487,2012-08-13 08:58:48.028800,428.69562
1488,2012-08-13 12:36:57.628800,449.70572
1489,2012-08-13 16:15:07.228800,438.6601
1490,2012-08-13 19:53:16.828800,449.97906
1491,2012-08-13 23:31:26.428800,445.23053
1492,2012-08-14 03:09:36.028800,447.19983
1493,2012-08-14 06:47:45.628800,408.519
1494,2012-08-14 10:25:55.228800,441.77478
1495,2012-08-14 14:04:04.828800,441.31497
1496,2012-08-14 17:42:14.428800,446.9349
1497,2012-08-14 21:20:24.028800,456.8438
1498,2012-08-15 00:58:33.628800,447.90866
1499,2012-08-15 04:36:43.228800,428.1125
1500,2012-08-15 08:14:52.828800,408.36444
1501,2012-08-15 11:53:02.428800,435.31256
1502,2012-08-15 15:31:12.028800,449.56073
1503,2012-08-15 19:09:21.628800,456.6295
1504,2012-08-15 22:47:31.228800,441.67087
1505,2012-08-16 02:25:40.828800,441.03247
1506,2012-08-16 06:03:50.428800,407.08847
1507,2012-08-16 09:42:00.028800,390.4937
1508,2012-08-16 13:20:09.628800,430.79846
1509,2012-08-16 16:58:19.228800,442.78763
1510,2012-08-16 20:36:28.828800,441.69443
1511,2012-08-17 00:14:38.428800,447.49594
1512,2012-08-17 03:52:48.028800,432.5059
1513,2012-08-17 07:30:57.628800,416.27332
1514,2012-08-17 11:09:07.228800,413.67297
1515,2012-08-17 14:47:16.828800,413.4573
1516,2012-08-17 18:25:26.428800,406.35318
1517,2012-08-17 22:03:36.028800,424.65152
1518,2012-08-18 01:41:45.628800,436.99664
1519,2012-08-18 05:19:55.228800,407.11517
1520,2012-08-18 08:58:04.828800,426.68448
1521,2012-08-18 12:36:14.428800,424.0339
1522,2012-08-18 16:14:24.028800,431.0469
1523,2012-08-18 19:52:33.628800,423.30048
1524,2012-08-18 23:30:43.228800,442.0555
1525,2012-08-19 03:08:52.828800,447.45728
1526,2012-08-19 06:47:02.428800,459.8344
1527,2012-08-19 10:25:12.028800,472.46228
1528,2012-08-19 14:03:21.628800,488.77673
1529,2012-08-19 17:41:31.228800,483.8999
1530,2012-08-19 21:19:40.828800,488.08453
1531,2012-08-20 00:57:50.428800,493.3277
1532,2012-08-20 04:36:00.028800,493.7669
1533,2012-08-20 08:14:09.628800,492.4566
1534,2012-08-20 11:52:19.228800,497.17374
1535,2012-08-20 15:30:28.828800,486.58545
1536,2012-08-20 19:08:38.428800,464.495
1537,2012-08-20 22:46:48.028800,459.2264
1538,2012-08-21 02:24:57.628800,449.90344
1539,2012-08-21 06:03:07.228800,453.20377
1540,2012-08-21 09:41:16.828800,462.55743
1541,2012-08-21 13:19:26.428800,461.30792
1542,2012-08-21 16:57:36.028800,432.7275
1543,2012-08-21 20:35:45.628800,428.53247
1544,2012-08-22 00:13:55.228800,419.05338
1545,2012-08-22 03:52:04.828800,426.08945
1546,2012-08-22 07:30:14.428800,418.0826
1547,2012-08-22 11:08:24.028800,406.7655
1548,2012-08-22 14:46:33.628800,393.81485
1549,2012-08-22 18:24:43.228800,367.71594
1550,2012-08-22 22:02:52.828800,373.1553
1551,2012-08-23 01:41:02.428800,372.4582
1552,2012-08-23 05:19:12.028800,382.46527
1553,2012-08-23 08:57:21.628800,381.40848
1554,2012-08-23 12:35:31.228800,371.63947
1555,2012-08-23 16:13:40.828800,390.82208
1556,2012-08-23 19:51:50.428800,374.98132
1557,2012-08-23 23:30:00.028800,369.84213
1558,2012-08-24 03:08:09.628800,387.92474
1559,2012-08-24 06:46:19.228800,387.78644
1560,2012-08-24 10:24:28.828800,381.80484
1561,2012-08-24 14:02:38.428800,372.35547
1562,2012-08-24 17:40:48.028800,373.23212
1563,2012-08-24 21:18:57.628800,376.38437
1564,2012-08-25 00:57:07.228800,378.08557
1565,2012-08-25 04:35:16.828800,395.8834
1566,2012-08-25 08:13:26.428800,392.39865
1567,2012-08-25 11:51:36.028800,409.04034
1568,2012-08-25 15:29:45.628800,401.09445
1569,2012-08-25 19:07:55.228800,398.10788
1570,2012-08-25 22:46:04.828800,395.00006
1571,2012-08-26 02:24:14.428800,399.6591
1572,2012-08-26 06:02:24.028800,407.45276
1573,2012-08-26 09:40:33.628800,400.9962
1574,2012-08-26 13:18:43.228800,414.34958
1575,2012-08-26 16:56:52.828800,405.3467
1576,2012-08-26 20:35:02.428800,406.59082
1577,2012-08-27 00:13:12.028800,410.98322
1578,2012-08-27 03:51:21.628800,408.61597
1579,2012-08-27 07:29:31.228800,392.8829
1580,2012-08-27 11:07:40.828800,395.9938
1581,2012-08-27 14:45:50.428800,397.41928
1582,2012-08-27 18:24:00.028800,391.55173
1583,2012-08-27 22:02:09.628800,396.92926
1584,2012-08-28 01:40:19.228800,404.86862
1585,2012-08-28 05:18:28.828800,393.0518
1586,2012-08-28 08:56:38.428800,382.86176
1587,2012-08-28 12:34:48.028800,381.2312
1588,2012-08-28 16:12:57.628800,388.98956
1589,2012-08-28 19:51:07.228800,379.847
1590,2012-08-28 23:29:16.828800,381.6624
1591,2012-08-29 03:07:26.428800,404.8392
1592,2012-08-29 06:45:36.028800,380.43393
1593,2012-08-29 10:23:45.628800,375.9025
1594,2012-08-29 14:01:55.228800,367.19095
1595,2012-08-29 17:40:04.828800,380.51233
1596,2012-08-29 21:18:14.428800,383.61133
1597,2012-08-30 00:56:24.028800,383.67374
1598,2012-08-30 04:34:33.628800,393.87637
1599,2012-08-30 08:12:43.228800,396.15143
1600,2012-08-30 11:50:52.828800,400.82568
1601,2012-08-30 15:29:02.428800,396.09006
1602,2012-08-30 19:07:12.028800,394.4914
1603,2012-08-30 22:45:21.628800,396.0987
1604,2012-08-31 02:23:31.228800,384.91467
1605,2012-08-31 06:01:40.828800,383.74603
1606,2012-08-31 09:39:50.428800,384.98578
1607,2012-08-31 13:18:00.028800,391.11313
1608,2012-08-31 16:56:09.628800,396.62494
1609,2012-08-31 20:34:19.228800,390.33966
1610,2012-09-01 00:12:28.828800,373.67337
1611,2012-09-01 03:50:38.428800,367.39087
1612,2012-09-01 07:28:48.028800,355.69815
1613,2012-09-01 11:06:57.628800,359.05136
1614,2012-09-01 14:45:07.228800,358.1435
1615,2012-09-01 18:23:16.828800,361.67548
1616,2012-09-01 22:01:26.428800,362.66818
1617,2012-09-02 01:39:36.028800,367.77332
1618,2012-09-02 05:17:45.628800,359.62366
1619,2012-09-02 08:55:55.228800,355.30545
1620,2012-09-02 12:34:04.828800,359.22638
1621,2012-09-02 16:12:14.428800,355.54712
1622,2012-09-02 19:50:24.028800,357.69403
1623,2012-09-02 23:28:33.628800,357.82254
1624,2012-09-03 03:06:43.228800,369.77243
1625,2012-09-03 06:44:52.828800,365.07816
1626,2012-09-03 10:23:02.428800,366.256
1627,2012-09-03 14:01:12.028800,355.97318
1628,2012-09-03 17:39:21.628800,354.5351
1629,2012-09-03 21:17:31.228800,358.83652
1630,2012-09-04 00:55:40.828800,355.2688
1631,2012-09-04 04:33:50.428800,367.51077
1632,2012-09-04 08:12:00.028800,354.6707
1633,2012-09-04 11:50:09.628800,354.28317
1634,2012-09-04 15:28:19.228800,353.4133
1635,2012-09-04 19:06:28.828800,339.47552
1636,2012-09-04 22:44:38.428800,346.49094
1637,2012-09-05 02:22:48.028800,343.77603
1638,2012-09-05 06:00:57.628800,351.10474
1639,2012-09-05 09:39:07.228800,350.51294
1640,2012-09-05 13:17:16.828800,335.5542
1641,2012-09-05 16:55:26.428800,331.28772
1642,2012-09-05 20:33:36.028800,332.099
1643,2012-09-06 00:11:45.628800,343.77005
1644,2012-09-06 03:49:55.228800,345.58096
1645,2012-09-06 07:28:04.828800,347.55148
1646,2012-09-06 11:06:14.428800,340.98813
1647,2012-09-06 14:44:24.028800,335.44366
1648,2012-09-06 18:22:33.628800,337.14496
1649,2012-09-06 22:00:43.228800,334.89557
1650,2012-09-07 01:38:52.828800,350.5321
1651,2012-09-07 05:17:02.428800,361.7856
1652,2012-09-07 08:55:12.028800,365.46542
1653,2012-09-07 12:33:21.628800,369.08838
1654,2012-09-07 16:11:31.228800,367.8393
1655,2012-09-07 19:49:40.828800,356.44232
1656,2012-09-07 23:27:50.428800,366.13892
1657,2012-09-08 03:06:00.028800,369.07257
1658,2012-09-08 06:44:09.628800,372.35977
1659,2012-09-08 10:22:19.228800,380.91263
1660,2012-09-08 14:00:28.828800,381.59848
1661,2012-09-08 17:38:38.428800,381.19705
1662,2012-09-08 21:16:48.028800,397.87933
1663,2012-09-09 00:54:57.628800,399.75198
1664,2012-09-09 04:33:07.228800,404.5413
1665,2012-09-09 08:11:16.828800,398.42743
1666,2012-09-09 11:49:26.428800,396.69296
1667,2012-09-09 15:27:36.028800,405.08444
1668,2012-09-09 19:05:45.628800,408.78412
1669,2012-09-09 22:43:55.228800,416.8361
1670,2012-09-10 02:22:04.828800,413.23624
1671,2012-09-10 06:00:14.428800,419.3431
1672,2012-09-10 09:38:24.028800,413.08624
1673,2012-09-10 13:16:33.628800,408.79013
1674,2012-09-10 16:54:43.228800,410.25232
1675,2012-09-10 20:32:52.828800,411.0162
1676,2012-09-11 00:11:02.428800,420.15353
1677,2012-09-11 03:49:12.028800,422.83606
1678,2012-09-11 07:27:21.628800,425.3788
1679,2012-09-11 11:05:31.228800,415.76416
1680,2012-09-11 14:43:40.828800,404.91403
1681,2012-09-11 18:21:50.428800,414.89325
1682,2012-09-11 22:00:00.028800,413.2515
1683,2012-09-12 01:38:09.628800,415.9662
1684,2012-09-12 05:16:19.228800,421.17337
1685,2012-09-12 08:54:28.828800,418.43115
1686,2012-09-12 12:32:38.428800,423.02625
1687,2012-09-12 16:10:48.028800,417.02933
1688,2012-09-12 19:48:57.628800,407.70724
1689,2012-09-12 23:27:07.228800,409.03055
1690,2012-09-13 03:05:16.828800,407.88226
1691,2012-09-13 06:43:26.428800,402.697
1692,2012-09-13 10:21:36.028800,399.12042
1693,2012-09-13 13:59:45.628800,408.788
1694,2012-09-13 17:37:55.228800,391.75714
1695,2012-09-13 21:16:04.828800,383.94232
1696,2012-09-14 00:54:14.428800,387.0317
1697,2012-09-14 04:32:24.028800,386.70337
1698,2012-09-14 08:10:33.628800,374.18246
1699,2012-09-14 11:48:43.228800,368.84015
1700,2012-09-14 15:26:52.828800,378.3971
1701,2012-09-14 19:05:02.428800,374.67657
1702,2012-09-14 22:43:12.028800,369.91168
1703,2012-09-15 02:21:21.628800,390.63196
1704,2012-09-15 05:59:31.228800,387.83524
1705,2012-09-15 09:37:40.828800,388.9259
1706,2012-09-15 13:15:50.428800,377.31027
1707,2012-09-15 16:54:00.028800,396.71753
1708,2012-09-15 20:32:09.628800,404.7747
1709,2012-09-16 00:10:19.228800,398.5034
1710,2012-09-16 03:48:28.828800,410.22565
1711,2012-09-16 07:26:38.428800,412.10107
1712,2012-09-16 11:04:48.028800,411.1169
1713,2012-09-16 14:42:57.628800,404.7151
1714,2012-09-16 18:21:07.228800,411.5133
1715,2012-09-16 21:59:16.828800,417.25598
1716,2012-09-17 01:37:26.428800,408.34775
1717,2012-09-17 05:15:36.028800,413.11804
1718,2012-09-17 08:53:45.628800,408.84406
1719,2012-09-17 12:31:55.228800,407.07648
1720,2012-09-17 16:10:04.828800,399.53354
1721,2012-09-17 19:48:14.428800,398.6707
1722,2012-09-17 23:26:24.028800,387.67798
1723,2012-09-18 03:04:33.628800,384.1648
1724,2012-09-18 06:42:43.228800,389.47076
1725,2012-09-18 10:20:52.828800,399.4471
1726,2012-09-18 13:59:02.428800,372.30682
1727,2012-09-18 17:37:12.028800,363.90085
1728,2012-09-18 21:15:21.628800,359.2935
1729,2012-09-19 00:53:31.228800,356.97842
1730,2012-09-19 04:31:40.828800,372.74277
1731,2012-09-19 08:09:50.428800,396.66904
1732,2012-09-19 11:48:00.028800,394.18542
1733,2012-09-19 15:26:09.628800,383.7253
1734,2012-09-19 19:04:19.228800,391.42752
1735,2012-09-19 22:42:28.828800,389.81122
1736,2012-09-20 02:20:38.428800,398.90112
1737,2012-09-20 05:58:48.028800,419.26373
1738,2012-09-20 09:36:57.628800,480.02682
1739,2012-09-20 13:15:07.228800,484.28653
1740,2012-09-20 16:53:16.828800,459.3093
1741,2012-09-20 20:31:26.428800,462.36588
1742,2012-09-21 00:09:36.028800,466.84134
1743,2012-09-21 03:47:45.628800,485.94162
1744,2012-09-21 07:25:55.228800,496.0496
1745,2012-09-21 11:04:04.828800,531.45245
1746,2012-09-21 14:42:14.428800,537.97784
1747,2012-09-21 18:20:24.028800,522.14417
1748,2012-09-21 21:58:33.628800,512.0283
1749,2012-09-22 01:36:43.228800,498.13632
1750,2012-09-22 05:14:52.828800,491.56427
1751,2012-09-22 08:53:02.428800,504.47543
1752,2012-09-22 12:31:12.028800,504.26157
1753,2012-09-22 16:09:21.628800,501.94247
1754,2012-09-22 19:47:31.228800,499.1675
1755,2012-09-22 23:25:40.828800,490.44247
1756,2012-09-23 03:03:50.428800,506.6885
1757,2012-09-23 06:42:00.028800,500.84763
1758,2012-09-23 10:20:09.628800,492.62112
1759,2012-09-23 13:58:19.228800,476.76123
1760,2012-09-23 17:36:28.828800,467.9231
1761,2012-09-23 21:14:38.428800,456.1926
1762,2012-09-24 00:52:48.028800,468.42786
1763,2012-09-24 04:30:57.628800,468.95508
1764,2012-09-24 08:09:07.228800,456.71695
1765,2012-09-24 11:47:16.828800,449.874
1766,2012-09-24 15:25:26.428800,445.3572
1767,2012-09-24 19:03:36.028800,436.89035
1768,2012-09-24 22:41:45.628800,432.24158
1769,2012-09-25 02:19:55.228800,433.59293
1770,2012-09-25 05:58:04.828800,436.97534
1771,2012-09-25 09:36:14.428800,424.6202
1772,2012-09-25 13:14:24.028800,406.618
1773,2012-09-25 16:52:33.628800,391.90033
1774,2012-09-25 20:30:43.228800,394.6949
1775,2012-09-26 00:08:52.828800,392.12723
1776,2012-09-26 03:47:02.428800,400.3376
1777,2012-09-26 07:25:12.028800,410.93143
1778,2012-09-26 11:03:21.628800,402.36646
1779,2012-09-26 14:41:31.228800,380.99902
1780,2012-09-26 18:19:40.828800,364.05963
1781,2012-09-26 21:57:50.428800,362.16687
1782,2012-09-27 01:36:00.028800,358.43704
1783,2012-09-27 05:14:09.628800,375.5414
1784,2012-09-27 08:52:19.228800,373.25912
1785,2012-09-27 12:30:28.828800,359.42038
1786,2012-09-27 16:08:38.428800,353.2262
1787,2012-09-27 19:46:48.028800,348.30145
1788,2012-09-27 23:24:57.628800,346.10443
1789,2012-09-28 03:03:07.228800,340.5048
1790,2012-09-28 06:41:16.828800,361.20892
1791,2012-09-28 10:19:26.428800,364.91833
1792,2012-09-28 13:57:36.028800,345.12537
1793,2012-09-28 17:35:45.628800,333.12958
1794,2012-09-28 21:13:55.228800,340.18124
1795,2012-09-29 00:52:04.828800,357.44952
1796,2012-09-29 04:30:14.428800,348.04105
1797,2012-09-29 08:08:24.028800,356.74408
1798,2012-09-29 11:46:33.628800,354.3242
1799,2012-09-29 15:24:43.228800,346.3243
1800,2012-09-29 19:02:52.828800,360.92786
1801,2012-09-29 22:41:02.428800,359.17902
1802,2012-09-30 02:19:12.028800,359.58588
1803,2012-09-30 05:57:21.628800,355.24954
1804,2012-09-30 09:35:31.228800,360.78622
1805,2012-09-30 13:13:40.828800,354.06012
1806,2012-09-30 16:51:50.428800,344.39655
1807,2012-09-30 20:30:00.028800,370.1711
1808,2012-10-01 00:08:09.628800,378.97247
1809,2012-10-01 03:46:19.228800,386.33005
1810,2012-10-01 07:24:28.828800,375.83023
1811,2012-10-01 11:02:38.428800,386.14087
1812,2012-10-01 14:40:48.028800,380.61545
1813,2012-10-01 18:18:57.628800,383.43216
1814,2012-10-01 21:57:07.228800,387.5668
1815,2012-10-02 01:35:16.828800,386.9537
1816,2012-10-02 05:13:26.428800,384.63943
1817,2012-10-02 08:51:36.028800,386.89694
1818,2012-10-02 12:29:45.628800,391.76996
1819,2012-10-02 16:07:55.228800,393.33832
1820,2012-10-02 19:46:04.828800,387.37717
1821,2012-10-02 23:24:14.428800,392.92896
1822,2012-10-03 03:02:24.028800,387.63254
1823,2012-10-03 06:40:33.628800,375.29562
1824,2012-10-03 10:18:43.228800,384.543
1825,2012-10-03 13:56:52.828800,387.72256
1826,2012-10-03 17:35:02.428800,388.81992
1827,2012-10-03 21:13:12.028800,378.66534
1828,2012-10-04 00:51:21.628800,381.1996
1829,2012-10-04 04:29:31.228800,380.04782
1830,2012-10-04 08:07:40.828800,365.54535
1831,2012-10-04 11:45:50.428800,361.3946
1832,2012-10-04 15:24:00.028800,360.61313
1833,2012-10-04 19:02:09.628800,362.21893
1834,2012-10-04 22:40:19.228800,375.1829
1835,2012-10-05 02:18:28.828800,376.41064
1836,2012-10-05 05:56:38.428800,372.8112
1837,2012-10-05 09:34:48.028800,362.59094
1838,2012-10-05 13:12:57.628800,355.2162
1839,2012-10-05 16:51:07.228800,356.13144
1840,2012-10-05 20:29:16.828800,369.5245
1841,2012-10-06 00:07:26.428800,368.17197
1842,2012-10-06 03:45:36.028800,361.0063
1843,2012-10-06 07:23:45.628800,353.14185
1844,2012-10-06 11:01:55.228800,346.2241
1845,2012-10-06 14:40:04.828800,330.18585
1846,2012-10-06 18:18:14.428800,344.153
1847,2012-10-06 21:56:24.028800,348.68045
1848,2012-10-07 01:34:33.628800,351.1662
1849,2012-10-07 05:12:43.228800,363.119
1850,2012-10-07 08:50:52.828800,348.30145
1851,2012-10-07 12:29:02.428800,357.25836
1852,2012-10-07 16:07:12.028800,356.54584
1853,2012-10-07 19:45:21.628800,356.71936
1854,2012-10-07 23:23:31.228800,363.11615
1855,2012-10-08 03:01:40.828800,398.65765
1856,2012-10-08 06:39:50.428800,385.56137
1857,2012-10-08 10:18:00.028800,366.9755
1858,2012-10-08 13:56:09.628800,384.54636
1859,2012-10-08 17:34:19.228800,399.74158
1860,2012-10-08 21:12:28.828800,419.97253
1861,2012-10-09 00:50:38.428800,443.54016
1862,2012-10-09 04:28:48.028800,470.3895
1863,2012-10-09 08:06:57.628800,468.7821
1864,2012-10-09 11:45:07.228800,450.7631
1865,2012-10-09 15:23:16.828800,469.2898
1866,2012-10-09 19:01:26.428800,486.34085
1867,2012-10-09 22:39:36.028800,472.53897
1868,2012-10-10 02:17:45.628800,473.4496
1869,2012-10-10 05:55:55.228800,471.74258
1870,2012-10-10 09:34:04.828800,483.00232
1871,2012-10-10 13:12:14.428800,479.6503
1872,2012-10-10 16:50:24.028800,479.0451
1873,2012-10-10 20:28:33.628800,472.54523
1874,2012-10-11 00:06:43.228800,464.2917
1875,2012-10-11 03:44:52.828800,462.36093
1876,2012-10-11 07:23:02.428800,452.5519
1877,2012-10-11 11:01:12.028800,443.21573
1878,2012-10-11 14:39:21.628800,443.86768
1879,2012-10-11 18:17:31.228800,438.0752
1880,2012-10-11 21:55:40.828800,431.71783
1881,2012-10-12 01:33:50.428800,431.0659
1882,2012-10-12 05:12:00.028800,426.41315
1883,2012-10-12 08:50:09.628800,420.5994
1884,2012-10-12 12:28:19.228800,407.0371
1885,2012-10-12 16:06:28.828800,410.6336
1886,2012-10-12 19:44:38.428800,408.62192
1887,2012-10-12 23:22:48.028800,408.00983
1888,2012-10-13 03:00:57.628800,404.60443
1889,2012-10-13 06:39:07.228800,397.5511
1890,2012-10-13 10:17:16.828800,398.3696
1891,2012-10-13 13:55:26.428800,388.98315
1892,2012-10-13 17:33:36.028800,390.3957
1893,2012-10-13 21:11:45.628800,383.0665
1894,2012-10-14 00:49:55.228800,391.74915
1895,2012-10-14 04:28:04.828800,383.97217
1896,2012-10-14 08:06:14.428800,380.07
1897,2012-10-14 11:44:24.028800,386.19116
1898,2012-10-14 15:22:33.628800,380.12222
1899,2012-10-14 19:00:43.228800,369.75287
1900,2012-10-14 22:38:52.828800,360.75006
1901,2012-10-15 02:17:02.428800,375.37134
1902,2012-10-15 05:55:12.028800,375.71994
1903,2012-10-15 09:33:21.628800,372.3445
1904,2012-10-15 13:11:31.228800,379.57098
1905,2012-10-15 16:49:40.828800,365.24536
1906,2012-10-15 20:27:50.428800,388.21066
1907,2012-10-16 00:06:00.028800,381.27985
1908,2012-10-16 03:44:09.628800,387.77652
1909,2012-10-16 07:22:19.228800,377.1961
1910,2012-10-16 11:00:28.828800,375.78348
1911,2012-10-16 14:38:38.428800,372.99384
1912,2012-10-16 18:16:48.028800,384.26398
1913,2012-10-16 21:54:57.628800,403.23502
1914,2012-10-17 01:33:07.228800,394.18
1915,2012-10-17 05:11:16.828800,408.4252
1916,2012-10-17 08:49:26.428800,406.26663
1917,2012-10-17 12:27:36.028800,400.1497
1918,2012-10-17 16:05:45.628800,409.72815
1919,2012-10-17 19:43:55.228800,421.85406
1920,2012-10-17 23:22:04.828800,432.56335
1921,2012-10-18 03:00:14.428800,422.45297
1922,2012-10-18 06:38:24.028800,436.7208
1923,2012-10-18 10:16:33.628800,422.4123
1924,2012-10-18 13:54:43.228800,408.62827
1925,2012-10-18 17:32:52.828800,421.49146
1926,2012-10-18 21:11:02.428800,431.57928
1927,2012-10-19 00:49:12.028800,432.9172
1928,2012-10-19 04:27:21.628800,421.47415
1929,2012-10-19 08:05:31.228800,430.45966
1930,2012-10-19 11:43:40.828800,404.42664
1931,2012-10-19 15:21:50.428800,395.32492
1932,2012-10-19 19:00:00.028800,396.01797
1933,2012-10-19 22:38:09.628800,403.61356
1934,2012-10-20 02:16:19.228800,397.67398
1935,2012-10-20 05:54:28.828800,386.69415
1936,2012-10-20 09:32:38.428800,388.98148
1937,2012-10-20 13:10:48.028800,379.9582
1938,2012-10-20 16:48:57.628800,372.4199
1939,2012-10-20 20:27:07.228800,372.3539
1940,2012-10-21 00:05:16.828800,361.8595
1941,2012-10-21 03:43:26.428800,366.494
1942,2012-10-21 07:21:36.028800,372.16174
1943,2012-10-21 10:59:45.628800,376.47037
1944,2012-10-21 14:37:55.228800,371.8564
1945,2012-10-21 18:16:04.828800,368.1782
1946,2012-10-21 21:54:14.428800,358.07202
1947,2012-10-22 01:32:24.028800,360.0869
1948,2012-10-22 05:10:33.628800,360.81747
1949,2012-10-22 08:48:43.228800,364.92233
1950,2012-10-22 12:26:52.828800,374.6484
1951,2012-10-22 16:05:02.428800,373.2613
1952,2012-10-22 19:43:12.028800,375.1305
1953,2012-10-22 23:21:21.628800,377.47125
1954,2012-10-23 02:59:31.228800,376.26175
1955,2012-10-23 06:37:40.828800,374.38922
1956,2012-10-23 10:15:50.428800,368.20856
1957,2012-10-23 13:54:00.028800,370.0304
1958,2012-10-23 17:32:09.628800,373.80356
1959,2012-10-23 21:10:19.228800,375.64655
1960,2012-10-24 00:48:28.828800,393.50934
1961,2012-10-24 04:26:38.428800,379.20615
1962,2012-10-24 08:04:48.028800,392.02704
1963,2012-10-24 11:42:57.628800,379.58
1964,2012-10-24 15:21:07.228800,372.49243
1965,2012-10-24 18:59:16.828800,373.21823
1966,2012-10-24 22:37:26.428800,375.88263
1967,2012-10-25 02:15:36.028800,366.79166
1968,2012-10-25 05:53:45.628800,361.72433
1969,2012-10-25 09:31:55.228800,356.61707
1970,2012-10-25 13:10:04.828800,350.31158
1971,2012-10-25 16:48:14.428800,348.43463
1972,2012-10-25 20:26:24.028800,348.69727
1973,2012-10-26 00:04:33.628800,343.03183
1974,2012-10-26 03:42:43.228800,332.9487
1975,2012-10-26 07:20:52.828800,337.77557
1976,2012-10-26 10:59:02.428800,355.83392
1977,2012-10-26 14:37:12.028800,352.30563
1978,2012-10-26 18:15:21.628800,341.1426
1979,2012-10-26 21:53:31.228800,336.9246
1980,2012-10-27 01:31:40.828800,331.81232
1981,2012-10-27 05:09:50.428800,359.40622
1982,2012-10-27 08:48:00.028800,358.15485
1983,2012-10-27 12:26:09.628800,366.84854
1984,2012-10-27 16:04:19.228800,363.56213
1985,2012-10-27 19:42:28.828800,352.16296
1986,2012-10-27 23:20:38.428800,354.74985
1987,2012-10-28 02:58:48.028800,349.7238
1988,2012-10-28 06:36:57.628800,370.60645
1989,2012-10-28 10:15:07.228800,376.8
1990,2012-10-28 13:53:16.828800,377.38376
1991,2012-10-28 17:31:26.428800,370.61703
1992,2012-10-28 21:09:36.028800,358.46704
1993,2012-10-29 00:47:45.628800,352.2905
1994,2012-10-29 04:25:55.228800,353.09464
1995,2012-10-29 08:04:04.828800,362.70926
1996,2012-10-29 11:42:14.428800,364.84213
1997,2012-10-29 15:20:24.028800,364.84213
1998,2012-10-29 18:58:33.628800,363.78076
1999,2012-10-29 22:36:43.228800,362.0498
2000,2012-10-30 02:14:52.828800,358.57684
2001,2012-10-30 05:53:02.428800,357.49466
2002,2012-10-30 09:31:12.028800,355.7789
2003,2012-10-30 13:09:21.628800,366.3276
2004,2012-10-30 16:47:31.228800,368.89682
2005,2012-10-30 20:25:40.828800,363.50195
2006,2012-10-31 00:03:50.428800,365.26483
2007,2012-10-31 03:42:00.028800,365.00958
2008,2012-10-31 07:20:09.628800,352.7023
2009,2012-10-31 10:58:19.228800,361.42758
2010,2012-10-31 14:36:28.828800,366.33475
2011,2012-10-31 18:14:38.428800,366.33475
2012,2012-10-31 21:52:48.028800,368.8464
2013,2012-11-01 01:30:57.628800,368.32645
2014,2012-11-01 05:09:07.228800,351.9888
2015,2012-11-01 08:47:16.828800,346.6099
2016,2012-11-01 12:25:26.428800,355.27603
2017,2012-11-01 16:03:36.028800,368.30243
2018,2012-11-01 19:41:45.628800,361.54327
2019,2012-11-01 23:19:55.228800,368.54355
2020,2012-11-02 02:58:04.828800,362.9442
2021,2012-11-02 06:36:14.428800,356.55872
2022,2012-11-02 10:14:24.028800,344.3686
2023,2012-11-02 13:52:33.628800,349.6594
2024,2012-11-02 17:30:43.228800,352.13455
2025,2012-11-02 21:08:52.828800,351.70105
2026,2012-11-03 00:47:02.428800,355.83603
2027,2012-11-03 04:25:12.028800,357.4455
2028,2012-11-03 08:03:21.628800,346.55142
2029,2012-11-03 11:41:31.228800,360.9464
2030,2012-11-03 15:19:40.828800,364.31497
2031,2012-11-03 18:57:50.428800,367.57315
2032,2012-11-03 22:36:00.028800,376.0913
2033,2012-11-04 02:14:09.628800,366.94907
2034,2012-11-04 05:52:19.228800,369.98056
2035,2012-11-04 09:30:28.828800,364.55798
2036,2012-11-04 13:08:38.428800,376.43475
2037,2012-11-04 16:46:48.028800,374.20715
2038,2012-11-04 20:24:57.628800,394.53302
2039,2012-11-05 00:03:07.228800,411.0755
2040,2012-11-05 03:41:16.828800,417.19952
2041,2012-11-05 07:19:26.428800,422.73795
2042,2012-11-05 10:57:36.028800,404.0854
2043,2012-11-05 14:35:45.628800,423.22458
2044,2012-11-05 18:13:55.228800,409.55698
2045,2012-11-05 21:52:04.828800,415.8488
2046,2012-11-06 01:30:14.428800,426.0506
2047,2012-11-06 05:08:24.028800,435.61575
2048,2012-11-06 08:46:33.628800,436.85248
2049,2012-11-06 12:24:43.228800,419.11877
2050,2012-11-06 16:02:52.828800,426.0535
2051,2012-11-06 19:41:02.428800,410.1484
2052,2012-11-06 23:19:12.028800,425.27612
2053,2012-11-07 02:57:21.628800,419.15112
2054,2012-11-07 06:35:31.228800,428.06635
2055,2012-11-07 10:13:40.828800,424.77557
2056,2012-11-07 13:51:50.428800,421.7663
2057,2012-11-07 17:30:00.028800,423.33636
2058,2012-11-07 21:08:09.628800,402.06784
2059,2012-11-08 00:46:19.228800,416.06473
2060,2012-11-08 04:24:28.828800,404.39136
2061,2012-11-08 08:02:38.428800,409.6119
2062,2012-11-08 11:40:48.028800,406.96927
2063,2012-11-08 15:18:57.628800,396.05124
2064,2012-11-08 18:57:07.228800,398.61343
2065,2012-11-08 22:35:16.828800,390.25516
2066,2012-11-09 02:13:26.428800,403.01642
2067,2012-11-09 05:51:36.028800,384.93066
2068,2012-11-09 09:29:45.628800,393.11053
2069,2012-11-09 13:07:55.228800,402.39496
2070,2012-11-09 16:46:04.828800,397.7677
2071,2012-11-09 20:24:14.428800,409.93268
2072,2012-11-10 00:02:24.028800,408.9593
2073,2012-11-10 03:40:33.628800,420.4732
2074,2012-11-10 07:18:43.228800,411.18396
2075,2012-11-10 10:56:52.828800,409.22122
2076,2012-11-10 14:35:02.428800,412.28494
2077,2012-11-10 18:13:12.028800,411.50833
2078,2012-11-10 21:51:21.628800,421.11557
2079,2012-11-11 01:29:31.228800,421.47113
2080,2012-11-11 05:07:40.828800,428.93475
2081,2012-11-11 08:45:50.428800,417.75967
2082,2012-11-11 12:24:00.028800,408.70782
2083,2012-11-11 16:02:09.628800,399.16135
2084,2012-11-11 19:40:19.228800,406.74548
2085,2012-11-11 23:18:28.828800,411.22644
2086,2012-11-12 02:56:38.428800,391.98355
2087,2012-11-12 06:34:48.028800,406.5567
2088,2012-11-12 10:12:57.628800,401.28668
2089,2012-11-12 13:51:07.228800,402.5686
2090,2012-11-12 17:29:16.828800,389.7944
2091,2012-11-12 21:07:26.428800,385.12115
2092,2012-11-13 00:45:36.028800,384.85678
2093,2012-11-13 04:23:45.628800,389.8105
2094,2012-11-13 08:01:55.228800,421.60422
2095,2012-11-13 11:40:04.828800,423.91772
2096,2012-11-13 15:18:14.428800,420.91577
2097,2012-11-13 18:56:24.028800,412.2502
2098,2012-11-13 22:34:33.628800,413.328
2099,2012-11-14 02:12:43.228800,412.02002
2100,2012-11-14 05:50:52.828800,424.1396
2101,2012-11-14 09:29:02.428800,434.6561
2102,2012-11-14 13:07:12.028800,432.31638
2103,2012-11-14 16:45:21.628800,429.38663
2104,2012-11-14 20:23:31.228800,426.00903
2105,2012-11-15 00:01:40.828800,419.694
2106,2012-11-15 03:39:50.428800,418.21555
2107,2012-11-15 07:18:00.028800,428.6537
2108,2012-11-15 10:56:09.628800,425.0826
2109,2012-11-15 14:34:19.228800,414.90613
2110,2012-11-15 18:12:28.828800,408.38785
2111,2012-11-15 21:50:38.428800,407.09604
2112,2012-11-16 01:28:48.028800,413.2233
2113,2012-11-16 05:06:57.628800,414.7092
2114,2012-11-16 08:45:07.228800,407.67978
2115,2012-11-16 12:23:16.828800,374.05798
2116,2012-11-16 16:01:26.428800,379.50876
2117,2012-11-16 19:39:36.028800,376.73657
2118,2012-11-16 23:17:45.628800,377.8947
2119,2012-11-17 02:55:55.228800,375.708
2120,2012-11-17 06:34:04.828800,381.0554
2121,2012-11-17 10:12:14.428800,376.05408
2122,2012-11-17 13:50:24.028800,373.01767
2123,2012-11-17 17:28:33.628800,378.93002
2124,2012-11-17 21:06:43.228800,375.13953
2125,2012-11-18 00:44:52.828800,369.1247
2126,2012-11-18 04:23:02.428800,364.7382
2127,2012-11-18 08:01:12.028800,364.1176
2128,2012-11-18 11:39:21.628800,369.4198
2129,2012-11-18 15:17:31.228800,368.74258
2130,2012-11-18 18:55:40.828800,372.78162
2131,2012-11-18 22:33:50.428800,373.26132
2132,2012-11-19 02:12:00.028800,368.06458
2133,2012-11-19 05:50:09.628800,350.264
2134,2012-11-19 09:28:19.228800,356.47156
2135,2012-11-19 13:06:28.828800,365.06406
2136,2012-11-19 16:44:38.428800,361.41507
2137,2012-11-19 20:22:48.028800,370.31088
2138,2012-11-20 00:00:57.628800,362.4179
2139,2012-11-20 03:39:07.228800,352.60184
2140,2012-11-20 07:17:16.828800,344.57333
2141,2012-11-20 10:55:26.428800,349.97287
2142,2012-11-20 14:33:36.028800,329.9018
2143,2012-11-20 18:11:45.628800,350.88525
2144,2012-11-20 21:49:55.228800,345.96298
2145,2012-11-21 01:28:04.828800,356.5309
2146,2012-11-21 05:06:14.428800,351.75214
2147,2012-11-21 08:44:24.028800,347.91666
2148,2012-11-21 12:22:33.628800,344.6508
2149,2012-11-21 16:00:43.228800,338.98288
2150,2012-11-21 19:38:52.828800,349.07245
2151,2012-11-21 23:17:02.428800,347.24423
2152,2012-11-22 02:55:12.028800,355.62634
2153,2012-11-22 06:33:21.628800,344.62878
2154,2012-11-22 10:11:31.228800,344.23956
2155,2012-11-22 13:49:40.828800,337.02084
2156,2012-11-22 17:27:50.428800,337.0047
2157,2012-11-22 21:06:00.028800,343.11774
2158,2012-11-23 00:44:09.628800,338.27798
2159,2012-11-23 04:22:19.228800,350.07202
2160,2012-11-23 08:00:28.828800,354.62076
2161,2012-11-23 11:38:38.428800,360.19427
2162,2012-11-23 15:16:48.028800,350.99545
2163,2012-11-23 18:54:57.628800,344.87283
2164,2012-11-23 22:33:07.228800,350.68726
2165,2012-11-24 02:11:16.828800,353.64935
2166,2012-11-24 05:49:26.428800,346.5308
2167,2012-11-24 09:27:36.028800,340.88324
2168,2012-11-24 13:05:45.628800,341.9798
2169,2012-11-24 16:43:55.228800,345.9249
2170,2012-11-24 20:22:04.828800,340.18076
2171,2012-11-25 00:00:14.428800,335.68597
2172,2012-11-25 03:38:24.028800,334.04816
2173,2012-11-25 07:16:33.628800,339.13516
2174,2012-11-25 10:54:43.228800,339.3535
2175,2012-11-25 14:32:52.828800,341.87833
2176,2012-11-25 18:11:02.428800,339.31308
2177,2012-11-25 21:49:12.028800,343.02652
2178,2012-11-26 01:27:21.628800,339.38638
2179,2012-11-26 05:05:31.228800,342.90906
2180,2012-11-26 08:43:40.828800,345.24655
2181,2012-11-26 12:21:50.428800,333.584
2182,2012-11-26 16:00:00.028800,344.3786
2183,2012-11-26 19:38:09.628800,341.76144
2184,2012-11-26 23:16:19.228800,348.1606
2185,2012-11-27 02:54:28.828800,353.50296
2186,2012-11-27 06:32:38.428800,348.55875
2187,2012-11-27 10:10:48.028800,363.40604
2188,2012-11-27 13:48:57.628800,359.43042
2189,2012-11-27 17:27:07.228800,356.1607
2190,2012-11-27 21:05:16.828800,356.51276
2191,2012-11-28 00:43:26.428800,358.46704
2192,2012-11-28 04:21:36.028800,356.8452
2193,2012-11-28 07:59:45.628800,354.20972
2194,2012-11-28 11:37:55.228800,363.9421
2195,2012-11-28 15:16:04.828800,363.04034
2196,2012-11-28 18:54:14.428800,359.68915
2197,2012-11-28 22:32:24.028800,341.81647
2198,2012-11-29 02:10:33.628800,351.45624
2199,2012-11-29 05:48:43.228800,351.03482
2200,2012-11-29 09:26:52.828800,338.29565
2201,2012-11-29 13:05:02.428800,345.91238
2202,2012-11-29 16:43:12.028800,347.77255
2203,2012-11-29 20:21:21.628800,343.91464
2204,2012-11-29 23:59:31.228800,339.4621
2205,2012-11-30 03:37:40.828800,336.7766
2206,2012-11-30 07:15:50.428800,327.98914
2207,2012-11-30 10:54:00.028800,331.60287
2208,2012-11-30 14:32:09.628800,331.17804
2209,2012-11-30 18:10:19.228800,332.3111
2210,2012-11-30 21:48:28.828800,341.40643
2211,2012-12-01 01:26:38.428800,345.7252
2212,2012-12-01 05:04:48.028800,342.44232
2213,2012-12-01 08:42:57.628800,341.51694
2214,2012-12-01 12:21:07.228800,341.8027
2215,2012-12-01 15:59:16.828800,336.56335
2216,2012-12-01 19:37:26.428800,336.59354
2217,2012-12-01 23:15:36.028800,349.11584
2218,2012-12-02 02:53:45.628800,350.87546
2219,2012-12-02 06:31:55.228800,351.6001
2220,2012-12-02 10:10:04.828800,342.13864
2221,2012-12-02 13:48:14.428800,341.08148
2222,2012-12-02 17:26:24.028800,340.0374
2223,2012-12-02 21:04:33.628800,342.42935
2224,2012-12-03 00:42:43.228800,343.76727
2225,2012-12-03 04:20:52.828800,356.11685
2226,2012-12-03 07:59:02.428800,370.78662
2227,2012-12-03 11:37:12.028800,382.952
2228,2012-12-03 15:15:21.628800,377.79373
2229,2012-12-03 18:53:31.228800,376.4771
2230,2012-12-03 22:31:40.828800,373.9198
2231,2012-12-04 02:09:50.428800,367.09293
2232,2012-12-04 05:48:00.028800,379.35083
2233,2012-12-04 09:26:09.628800,391.45416
2234,2012-12-04 13:04:19.228800,400.49728
2235,2012-12-04 16:42:28.828800,405.53094
2236,2012-12-04 20:20:38.428800,402.529
2237,2012-12-04 23:58:48.028800,404.38104
2238,2012-12-05 03:36:57.628800,387.17056
2239,2012-12-05 07:15:07.228800,382.02005
2240,2012-12-05 10:53:16.828800,384.21506
2241,2012-12-05 14:31:26.428800,384.51114
2242,2012-12-05 18:09:36.028800,383.77628
2243,2012-12-05 21:47:45.628800,374.95206
2244,2012-12-06 01:25:55.228800,381.68802
2245,2012-12-06 05:04:04.828800,365.70648
2246,2012-12-06 08:42:14.428800,361.70035
2247,2012-12-06 12:20:24.028800,354.13138
2248,2012-12-06 15:58:33.628800,344.4291
2249,2012-12-06 19:36:43.228800,342.43826
2250,2012-12-06 23:14:52.828800,347.56583
2251,2012-12-07 02:53:02.428800,349.7479
2252,2012-12-07 06:31:12.028800,355.5716
2253,2012-12-07 10:09:21.628800,367.60287
2254,2012-12-07 13:47:31.228800,356.52847
2255,2012-12-07 17:25:40.828800,353.87827
2256,2012-12-07 21:03:50.428800,361.315
2257,2012-12-08 00:42:00.028800,352.16995
2258,2012-12-08 04:20:09.628800,360.66034
2259,2012-12-08 07:58:19.228800,367.9142
2260,2012-12-08 11:36:28.828800,371.02005
2261,2012-12-08 15:14:38.428800,358.7789
2262,2012-12-08 18:52:48.028800,360.17462
2263,2012-12-08 22:30:57.628800,360.75128
2264,2012-12-09 02:09:07.228800,352.11267
2265,2012-12-09 05:47:16.828800,382.02225
2266,2012-12-09 09:25:26.428800,392.36926
2267,2012-12-09 13:03:36.028800,376.7621
2268,2012-12-09 16:41:45.628800,367.71832
2269,2012-12-09 20:19:55.228800,366.56516
2270,2012-12-09 23:58:04.828800,366.42352
2271,2012-12-10 03:36:14.428800,355.55618
2272,2012-12-10 07:14:24.028800,372.20392
2273,2012-12-10 10:52:33.628800,405.02155
2274,2012-12-10 14:30:43.228800,387.92242
2275,2012-12-10 18:08:52.828800,380.22278
2276,2012-12-10 21:47:02.428800,377.53317
2277,2012-12-11 01:25:12.028800,366.66833
2278,2012-12-11 05:03:21.628800,368.76938
2279,2012-12-11 08:41:31.228800,381.54065
2280,2012-12-11 12:19:40.828800,384.82883
2281,2012-12-11 15:57:50.428800,375.17126
2282,2012-12-11 19:36:00.028800,365.24222
2283,2012-12-11 23:14:09.628800,363.8236
2284,2012-12-12 02:52:19.228800,364.74826
2285,2012-12-12 06:30:28.828800,391.4591
2286,2012-12-12 10:08:38.428800,392.4227
2287,2012-12-12 13:46:48.028800,375.5902
2288,2012-12-12 17:24:57.628800,384.1475
2289,2012-12-12 21:03:07.228800,377.8278
2290,2012-12-13 00:41:16.828800,378.55457
2291,2012-12-13 04:19:26.428800,374.34277
2292,2012-12-13 07:57:36.028800,394.55826
2293,2012-12-13 11:35:45.628800,389.72647
2294,2012-12-13 15:13:55.228800,374.39752
2295,2012-12-13 18:52:04.828800,378.00934
2296,2012-12-13 22:30:14.428800,379.4536
2297,2012-12-14 02:08:24.028800,375.46228
2298,2012-12-14 05:46:33.628800,374.85196
2299,2012-12-14 09:24:43.228800,381.44473
2300,2012-12-14 13:02:52.828800,362.75256
2301,2012-12-14 16:41:02.428800,360.33298
2302,2012-12-14 20:19:12.028800,378.8841
2303,2012-12-14 23:57:21.628800,381.1651
2304,2012-12-15 03:35:31.228800,372.59668
2305,2012-12-15 07:13:40.828800,378.72885
2306,2012-12-15 10:51:50.428800,379.58588
2307,2012-12-15 14:30:00.028800,366.32828
2308,2012-12-15 18:08:09.628800,369.0215
2309,2012-12-15 21:46:19.228800,366.80667
2310,2012-12-16 01:24:28.828800,369.58444
2311,2012-12-16 05:02:38.428800,368.18616
2312,2012-12-16 08:40:48.028800,371.44226
2313,2012-12-16 12:18:57.628800,387.3967
2314,2012-12-16 15:57:07.228800,369.87054
2315,2012-12-16 19:35:16.828800,368.87613
2316,2012-12-16 23:13:26.428800,374.08862
2317,2012-12-17 02:51:36.028800,369.20596
2318,2012-12-17 06:29:45.628800,372.20438
2319,2012-12-17 10:07:55.228800,379.47794
2320,2012-12-17 13:46:04.828800,393.90613
2321,2012-12-17 17:24:14.428800,387.48367
2322,2012-12-17 21:02:24.028800,386.65564
2323,2012-12-18 00:40:33.628800,398.1457
2324,2012-12-18 04:18:43.228800,405.24066
2325,2012-12-18 07:56:52.828800,404.04556
2326,2012-12-18 11:35:02.428800,392.5906
2327,2012-12-18 15:13:12.028800,386.17502
2328,2012-12-18 18:51:21.628800,390.0227
2329,2012-12-18 22:29:31.228800,386.0376
2330,2012-12-19 02:07:40.828800,388.90762
2331,2012-12-19 05:45:50.428800,389.9442
2332,2012-12-19 09:24:00.028800,397.53912
2333,2012-12-19 13:02:09.628800,379.58392
2334,2012-12-19 16:40:19.228800,379.58392
2335,2012-12-19 20:18:28.828800,387.45612
2336,2012-12-19 23:56:38.428800,390.29105
2337,2012-12-20 03:34:48.028800,407.41885
2338,2012-12-20 07:12:57.628800,402.52914
2339,2012-12-20 10:51:07.228800,400.44296
2340,2012-12-20 14:29:16.828800,388.13644
2341,2012-12-20 18:07:26.428800,387.49753
2342,2012-12-20 21:45:36.028800,372.58368
2343,2012-12-21 01:23:45.628800,369.6785
2344,2012-12-21 05:01:55.228800,391.2682
2345,2012-12-21 08:40:04.828800,394.63605
2346,2012-12-21 12:18:14.428800,389.9795
2347,2012-12-21 15:56:24.028800,388.3141
2348,2012-12-21 19:34:33.628800,385.4595
2349,2012-12-21 23:12:43.228800,373.5994
2350,2012-12-22 02:50:52.828800,370.38446
2351,2012-12-22 06:29:02.428800,378.3388
2352,2012-12-22 10:07:12.028800,379.50174
2353,2012-12-22 13:45:21.628800,385.50323
2354,2012-12-22 17:23:31.228800,379.19553
2355,2012-12-22 21:01:40.828800,375.79596
2356,2012-12-23 00:39:50.428800,381.98212
2357,2012-12-23 04:18:00.028800,374.9833
2358,2012-12-23 07:56:09.628800,381.82498
2359,2012-12-23 11:34:19.228800,400.72778
2360,2012-12-23 15:12:28.828800,397.41138
2361,2012-12-23 18:50:38.428800,390.4359
2362,2012-12-23 22:28:48.028800,370.21255
2363,2012-12-24 02:06:57.628800,373.0745
2364,2012-12-24 05:45:07.228800,377.94156
2365,2012-12-24 09:23:16.828800,374.0969
2366,2012-12-24 13:01:26.428800,392.84985
2367,2012-12-24 16:39:36.028800,383.30154
2368,2012-12-24 20:17:45.628800,378.10034
2369,2012-12-24 23:55:55.228800,365.23663
2370,2012-12-25 03:34:04.828800,370.86377
2371,2012-12-25 07:12:14.428800,367.71756
2372,2012-12-25 10:50:24.028800,366.84674
2373,2012-12-25 14:28:33.628800,380.57562
2374,2012-12-25 18:06:43.228800,364.05536
2375,2012-12-25 21:44:52.828800,347.32642
2376,2012-12-26 01:23:02.428800,341.41934
2377,2012-12-26 05:01:12.028800,339.67923
2378,2012-12-26 08:39:21.628800,354.4484
2379,2012-12-26 12:17:31.228800,339.32376
2380,2012-12-26 15:55:40.828800,358.97992
2381,2012-12-26 19:33:50.428800,357.4824
2382,2012-12-26 23:12:00.028800,346.6523
2383,2012-12-27 02:50:09.628800,342.76614
2384,2012-12-27 06:28:19.228800,343.68762
2385,2012-12-27 10:06:28.828800,350.57382
2386,2012-12-27 13:44:38.428800,345.91614
2387,2012-12-27 17:22:48.028800,350.04944
2388,2012-12-27 21:00:57.628800,351.8703
2389,2012-12-28 00:39:07.228800,347.088
2390,2012-12-28 04:17:16.828800,340.75757
2391,2012-12-28 07:55:26.428800,333.46533
2392,2012-12-28 11:33:36.028800,354.21036
2393,2012-12-28 15:11:45.628800,351.15076
2394,2012-12-28 18:49:55.228800,352.42917
2395,2012-12-28 22:28:04.828800,338.16534
2396,2012-12-29 02:06:14.428800,340.89603
2397,2012-12-29 05:44:24.028800,342.39185
2398,2012-12-29 09:22:33.628800,349.566
2399,2012-12-29 13:00:43.228800,358.3559
2400,2012-12-29 16:38:52.828800,353.15768
2401,2012-12-29 20:17:02.428800,352.1504
2402,2012-12-29 23:55:12.028800,351.68246
2403,2012-12-30 03:33:21.628800,352.0307
2404,2012-12-30 07:11:31.228800,360.56665
2405,2012-12-30 10:49:40.828800,373.3282
2406,2012-12-30 14:27:50.428800,385.13095
2407,2012-12-30 18:06:00.028800,391.2827
2408,2012-12-30 21:44:09.628800,393.3844
2409,2012-12-31 01:22:19.228800,387.30078
2410,2012-12-31 05:00:28.828800,367.97342
2411,2012-12-31 08:38:38.428800,372.26126
2412,2012-12-31 12:16:48.028800,380.6907
2413,2012-12-31 15:54:57.628800,389.57248
2414,2012-12-31 19:33:07.228800,399.94943
2415,2012-12-31 23:11:16.828800,400.6809
